window,dataset,protocol,parameter_match_grade,progress_bin,n_points,mean_residual_mV,rmse_mV,mean_abs_residual_mV
calce_20r/2/DST_50SOC,calce_20r,DST,B,0-20%,400,103.92187227807398,112.59088926533411,104.29372353802165
calce_20r/2/DST_50SOC,calce_20r,DST,B,20-40%,400,106.43203268243178,114.09687257177615,106.55435945058636
calce_20r/2/DST_50SOC,calce_20r,DST,B,40-60%,400,112.81814046520219,121.64315313799061,112.8211753653898
calce_20r/2/DST_50SOC,calce_20r,DST,B,60-80%,400,137.7019100313287,146.74693499408275,137.7019100313287
calce_20r/2/DST_50SOC,calce_20r,DST,B,80-100%,400,209.77063740056175,233.88551903580452,209.77063740056175
calce_20r/2/DST_80SOC,calce_20r,DST,B,0-20%,400,173.0416300746816,181.96306367029828,173.0416300746816
calce_20r/2/DST_80SOC,calce_20r,DST,B,20-40%,400,262.5759753113718,266.8429464694342,262.5759753113718
calce_20r/2/DST_80SOC,calce_20r,DST,B,40-60%,400,275.66837332866305,279.03058205121727,275.66837332866305
calce_20r/2/DST_80SOC,calce_20r,DST,B,60-80%,400,272.678755967627,276.4338924339031,272.678755967627
calce_20r/2/DST_80SOC,calce_20r,DST,B,80-100%,400,333.0765626424599,347.9955596845116,333.0765626424599
calce_20r/2/FUDS_50SOC,calce_20r,FUDS,B,0-20%,400,104.97990776662124,114.79292709855528,105.17261234834297
calce_20r/2/FUDS_50SOC,calce_20r,FUDS,B,20-40%,400,110.61840459693676,120.274414045458,110.61840459693676
calce_20r/2/FUDS_50SOC,calce_20r,FUDS,B,40-60%,400,113.81746442853105,123.05787732844077,113.83455504339581
calce_20r/2/FUDS_50SOC,calce_20r,FUDS,B,60-80%,400,140.44823852413398,148.90223436682146,140.44823852413398
calce_20r/2/FUDS_50SOC,calce_20r,FUDS,B,80-100%,400,206.01371066393048,221.67959176894834,206.01371066393048
calce_20r/2/FUDS_80SOC,calce_20r,FUDS,B,0-20%,400,175.88810363667173,184.69956908996556,175.88810363667173
calce_20r/2/FUDS_80SOC,calce_20r,FUDS,B,20-40%,400,260.13600695080225,264.7921992223014,260.13600695080225
calce_20r/2/FUDS_80SOC,calce_20r,FUDS,B,40-60%,400,269.6300685589547,272.63437954119877,269.6300685589547
calce_20r/2/FUDS_80SOC,calce_20r,FUDS,B,60-80%,400,269.6734982390975,273.7963207213213,269.6734982390975
calce_20r/2/FUDS_80SOC,calce_20r,FUDS,B,80-100%,400,326.2093793582039,337.3324468908388,326.2093793582039
calce_20r/2/US06_50SOC,calce_20r,US06,B,0-20%,401,110.12641895685573,115.72065372722703,110.12641895685573
calce_20r/2/US06_50SOC,calce_20r,US06,B,20-40%,400,112.19325837722417,117.88950247936624,112.19325837722417
calce_20r/2/US06_50SOC,calce_20r,US06,B,40-60%,401,115.1391121426706,120.56129790248491,115.1391121426706
calce_20r/2/US06_50SOC,calce_20r,US06,B,60-80%,399,147.31251291500124,153.18835318028823,147.31251291500124
calce_20r/2/US06_50SOC,calce_20r,US06,B,80-100%,399,259.92780804042314,288.767206299229,259.92780804042314
calce_20r/2/US06_80SOC,calce_20r,US06,B,0-20%,401,173.7111693687132,180.3922224346858,173.7111693687132
calce_20r/2/US06_80SOC,calce_20r,US06,B,20-40%,399,266.02065072795284,268.96192944323644,266.02065072795284
calce_20r/2/US06_80SOC,calce_20r,US06,B,40-60%,400,281.26311093895345,283.3829298932857,281.26311093895345
calce_20r/2/US06_80SOC,calce_20r,US06,B,60-80%,399,277.66195591111335,280.3942491112801,277.66195591111335
calce_20r/2/US06_80SOC,calce_20r,US06,B,80-100%,401,372.1345567903477,386.8422158572515,372.1345567903477
calce_a123/007/DST,calce_a123,DST,B,0-20%,400,56.12230548446323,135.38611250553768,86.58414801310988
calce_a123/007/DST,calce_a123,DST,B,20-40%,400,82.67014977463221,148.18914399219716,101.44376429346866
calce_a123/007/DST,calce_a123,DST,B,40-60%,400,78.62789463494546,146.01167412912991,99.36691577991901
calce_a123/007/DST,calce_a123,DST,B,60-80%,400,96.62168677650465,157.57172286621508,112.53567056965288
calce_a123/007/DST,calce_a123,DST,B,80-100%,400,257.32991816191554,336.0587903246079,261.81815778313717
calce_a123/007/FUDS,calce_a123,FUDS,B,0-20%,401,55.64051507384476,133.2039258487929,92.61231117255925
calce_a123/007/FUDS,calce_a123,FUDS,B,20-40%,400,87.50210703503072,154.52188231099595,109.9608300565569
calce_a123/007/FUDS,calce_a123,FUDS,B,40-60%,399,79.83328637368575,155.0551380450597,105.63755355549668
calce_a123/007/FUDS,calce_a123,FUDS,B,60-80%,400,95.59806940596474,165.62464575217527,115.65264155356512
calce_a123/007/FUDS,calce_a123,FUDS,B,80-100%,400,230.8649400913472,321.21489346515756,236.29006924974004
calce_a123/007/US06,calce_a123,US06,B,0-20%,400,58.48436176004332,113.87196617034805,79.99932812261271
calce_a123/007/US06,calce_a123,US06,B,20-40%,400,90.13284723697586,131.05153798437075,97.17020824854153
calce_a123/007/US06,calce_a123,US06,B,40-60%,400,83.39185368375432,125.18398269144491,92.61305575455573
calce_a123/007/US06,calce_a123,US06,B,60-80%,400,101.20133904757455,147.31812354671382,107.33234642152803
calce_a123/007/US06,calce_a123,US06,B,80-100%,400,232.84802864265555,297.23849910298395,232.96514346344196
calce_a123/008/DST,calce_a123,DST,B,0-20%,400,71.91477585893723,172.06623886130387,111.35585574658853
calce_a123/008/DST,calce_a123,DST,B,20-40%,400,92.38405208968838,181.39454366902922,122.11416003077603
calce_a123/008/DST,calce_a123,DST,B,40-60%,400,94.31149623389896,181.46103573910804,122.22999935867098
calce_a123/008/DST,calce_a123,DST,B,60-80%,400,108.46918225746921,193.9296721945029,133.82804542097503
calce_a123/008/DST,calce_a123,DST,B,80-100%,400,231.14764176952156,301.2885112945919,241.38373034255636
calce_a123/008/FUDS,calce_a123,FUDS,B,0-20%,401,63.874768771806394,166.6850586743966,113.78939195152135
calce_a123/008/FUDS,calce_a123,FUDS,B,20-40%,400,111.05109062885757,203.08227189671555,139.14843433848196
calce_a123/008/FUDS,calce_a123,FUDS,B,40-60%,399,88.04775148548866,182.93864396282433,123.50518390005571
calce_a123/008/FUDS,calce_a123,FUDS,B,60-80%,400,108.39075560137502,201.52533917775128,138.9667073151368
calce_a123/008/FUDS,calce_a123,FUDS,B,80-100%,400,253.62794763148796,337.4491347664839,261.475288696877
calce_a123/008/US06,calce_a123,US06,B,0-20%,400,73.55535660278639,140.98485826356546,102.25002320574687
calce_a123/008/US06,calce_a123,US06,B,20-40%,400,105.63901634221286,160.6877747685361,118.98240855946908
calce_a123/008/US06,calce_a123,US06,B,40-60%,400,93.61491998544756,158.728863455894,110.60363264988547
calce_a123/008/US06,calce_a123,US06,B,60-80%,400,119.52742970198716,173.72044018827452,129.9923569112402
calce_a123/008/US06,calce_a123,US06,B,80-100%,400,269.87395747873853,342.63565643174303,270.7584891549341
calce_cs2/33/C0p5,calce_cs2,CC,B,0-20%,152,109.37493085019454,110.2539023319118,109.37493085019454
calce_cs2/33/C0p5,calce_cs2,CC,B,20-40%,152,153.0172566442329,153.43415549311857,153.0172566442329
calce_cs2/33/C0p5,calce_cs2,CC,B,40-60%,151,174.85604991296805,174.86246487914502,174.85604991296805
calce_cs2/33/C0p5,calce_cs2,CC,B,60-80%,152,165.83859236372123,165.86248009353577,165.83859236372123
calce_cs2/33/C0p5,calce_cs2,CC,B,80-100%,153,279.4082191718944,326.2617838157091,279.4082191718944
calce_cs2/35/C1,calce_cs2,CC,B,0-20%,75,178.43723082879072,179.5963334698823,178.43723082879072
calce_cs2/35/C1,calce_cs2,CC,B,20-40%,74,221.94188873070635,222.1124562325841,221.94188873070635
calce_cs2/35/C1,calce_cs2,CC,B,40-60%,75,238.128155965073,238.13109024442358,238.128155965073
calce_cs2/35/C1,calce_cs2,CC,B,60-80%,74,240.36767524767285,240.4060621812292,240.36767524767285
calce_cs2/35/C1,calce_cs2,CC,B,80-100%,76,370.3213814211072,407.989023578309,370.3213814211072
chen2020/02/C0p1,chen2020,CC,A,0-20%,240,19.61486599398608,22.400404311897017,19.61486599398608
chen2020/02/C0p1,chen2020,CC,A,20-40%,240,53.765812575507766,53.874195174219324,53.765812575507766
chen2020/02/C0p1,chen2020,CC,A,40-60%,240,69.37402269364112,69.52190435474729,69.37402269364112
chen2020/02/C0p1,chen2020,CC,A,60-80%,240,57.100169436285434,57.24661981488096,57.100169436285434
chen2020/02/C0p1,chen2020,CC,A,80-100%,253,141.0131054485112,162.00076988095506,141.0131054485112
chen2020/02/C0p5,chen2020,CC,A,0-20%,51,18.903656168655992,22.279202519272122,19.58891958829836
chen2020/02/C0p5,chen2020,CC,A,20-40%,48,52.99704132968629,53.4770207370234,52.99704132968629
chen2020/02/C0p5,chen2020,CC,A,40-60%,47,67.86301018698333,68.39511821471292,67.86301018698333
chen2020/02/C0p5,chen2020,CC,A,60-80%,47,73.75496932593995,74.26333620880459,73.75496932593995
chen2020/02/C0p5,chen2020,CC,A,80-100%,91,180.07930618649513,202.0968521045223,180.07930618649513
chen2020/02/C1,chen2020,CC,A,0-20%,32,30.832830641059463,32.2946363518304,30.832830641059463
chen2020/02/C1,chen2020,CC,A,20-40%,24,44.53842978927138,45.34623006536496,44.53842978927138
chen2020/02/C1,chen2020,CC,A,40-60%,24,66.44616544267761,68.62733533085569,66.44616544267761
chen2020/02/C1,chen2020,CC,A,60-80%,23,79.47139418989784,80.19127795655022,79.47139418989784
chen2020/02/C1,chen2020,CC,A,80-100%,73,102.85203310128868,106.88294502610721,102.85203310128868
chen2020/02/C1p5,chen2020,CC,A,0-20%,28,56.41451476147904,61.65272729511143,56.41451476147904
chen2020/02/C1p5,chen2020,CC,A,20-40%,20,32.39753645788902,33.97272136971905,32.39753645788902
chen2020/02/C1p5,chen2020,CC,A,40-60%,18,55.11027002222311,58.63007161464124,55.11027002222311
chen2020/02/C1p5,chen2020,CC,A,60-80%,16,68.86952748119063,70.17739385891115,68.86952748119063
chen2020/02/C1p5,chen2020,CC,A,80-100%,61,13.508439826323475,31.32023058014366,26.178662887619293
