dataset,cell,window,run_id,run_short,protocol,parameter_match_grade,parameter,delta,n_points,coverage_fraction,response_rms_mV,cosine_alignment,projection_fraction,affine_r2,response_bias_mV,centered_response_rms_mV,high_current_response_ratio,high_transition_response_ratio,late_progress_response_ratio,residual_RMSE_mV,residual_Bias_mV,residual_std_mV
calce_20r,2,DST_50SOC,calce_20r/2/DST_50SOC,20R DST50,DST,B,Dsn,0.2,2000,1.0,0.6046781180263681,0.8182040242924821,0.6694578253684127,0.5457267827988748,0.3712133050155958,0.4773220177189698,1.4582322390306377,1.2000029158440402,1.8606631793920023,152.7932984959594,134.12891857151968,73.17940467173798
calce_20r,2,DST_50SOC,calce_20r/2/DST_50SOC,20R DST50,DST,B,Dsp,0.2,2000,1.0,8.313730880180012,0.8415402554630604,0.7081900015648331,0.003358603018096984,8.037138879661077,2.1266216817052848,1.1459483949921911,1.099082186987063,0.8390555908274377,152.7932984959594,134.12891857151968,73.17940467173798
calce_20r,2,DST_50SOC,calce_20r/2/DST_50SOC,20R DST50,DST,B,j0n,0.2,2000,1.0,17.632183015873007,0.7666820759718078,0.5878014056164409,0.44982230255789957,10.114512641858587,14.442662909689588,1.5048211750289493,1.3921902299731004,1.0121814562564322,152.7932984959594,134.12891857151968,73.17940467173798
calce_20r,2,DST_50SOC,calce_20r/2/DST_50SOC,20R DST50,DST,B,j0p,0.2,2000,1.0,3.0396991458994065,0.7352599494928623,0.5406071933282465,0.5118941675954529,1.5179601589977314,2.633546630169506,1.5835748464773116,1.5409964551886437,1.0131851090925232,152.7932984959594,134.12891857151968,73.17940467173798
calce_20r,2,DST_50SOC,calce_20r/2/DST_50SOC,20R DST50,DST,B,De,0.2,2000,1.0,3.8098888172888374,0.7364778439725552,0.5423996146624633,0.004960573824258296,3.2713848617772228,1.9527657018283981,1.3188728458991528,1.3288272257005465,0.9469608385497144,152.7932984959594,134.12891857151968,73.17940467173798
calce_20r,2,DST_50SOC,calce_20r/2/DST_50SOC,20R DST50,DST,B,kappa_e,0.2,2000,1.0,4.534213355034979,0.7327855252791474,0.536974626058636,0.49817966424793536,2.274451347474851,3.9224943361268725,1.5802890465232982,1.5640249811128724,0.9870084087928049,152.7932984959594,134.12891857151968,73.17940467173798
calce_20r,2,DST_50SOC,calce_20r/2/DST_50SOC,20R DST50,DST,B,Rn,0.2,2000,1.0,17.839732144534356,-0.7913402592398423,0.6262194058937807,0.5002615485329964,-10.522643623574938,14.405902059918706,1.5067331292687491,1.365584745108885,1.0669487551479233,152.7932984959594,134.12891857151968,73.17940467173798
calce_20r,2,DST_50SOC,calce_20r/2/DST_50SOC,20R DST50,DST,B,Rp,0.2,2000,1.0,17.658479889035366,-0.8835971024128444,0.7807438393923747,0.09791738642789904,-16.90024574188602,5.118945775775499,1.205329331695501,1.076986410920147,0.860813343673719,152.7932984959594,134.12891857151968,73.17940467173798
calce_20r,2,DST_50SOC,calce_20r/2/DST_50SOC,20R DST50,DST,B,brug_e,0.2,2000,1.0,12.512629032714106,-0.8919679167880993,0.7956067645793018,0.417821578541828,-10.117571086157144,7.362108436234612,1.459458299628645,1.2393492282260796,0.9779749551907644,152.7932984959594,134.12891857151968,73.17940467173798
calce_20r,2,DST_80SOC,calce_20r/2/DST_80SOC,20R DST80,DST,B,Dsn,0.2,2000,1.0,0.5202282157022852,0.5366063771715397,0.28794640402116467,0.030955398466457007,0.2679317441639506,0.4459259769087765,1.4102777943476918,1.35524144302671,0.04042173175141369,275.5686436396226,263.4082594649607,80.95780507783844
calce_20r,2,DST_80SOC,calce_20r/2/DST_80SOC,20R DST80,DST,B,Dsp,0.2,2000,1.0,11.202596274457383,0.9539547895593792,0.9100297405232793,0.1393273974486513,10.868692532672823,2.714716544817971,1.148556330064488,1.190173105154285,1.1570053387428403,275.5686436396226,263.4082594649607,80.95780507783844
calce_20r,2,DST_80SOC,calce_20r/2/DST_80SOC,20R DST80,DST,B,j0n,0.2,2000,1.0,17.766301006412395,0.6798291901842262,0.46216772782654053,0.3287242767894726,10.054524099697352,14.647457000416663,1.480694244519136,1.5478921415609441,0.9799939871326677,275.5686436396226,263.4082594649607,80.95780507783844
calce_20r,2,DST_80SOC,calce_20r/2/DST_80SOC,20R DST80,DST,B,j0p,0.2,2000,1.0,2.99862487135529,0.6303439293527081,0.39733346927181185,0.38717657181085996,1.4785161910707383,2.6087815147789217,1.5535780485351482,1.773551524825689,1.0026987656395752,275.5686436396226,263.4082594649607,80.95780507783844
calce_20r,2,DST_80SOC,calce_20r/2/DST_80SOC,20R DST80,DST,B,De,0.2,2000,1.0,3.769661687471358,0.8010540412353204,0.6416875769794383,0.00447444626405713,3.200071603461419,1.9924585242130575,1.3124256159649312,1.608802384147916,0.9606327720756594,275.5686436396226,263.4082594649607,80.95780507783844
calce_20r,2,DST_80SOC,calce_20r/2/DST_80SOC,20R DST80,DST,B,kappa_e,0.2,2000,1.0,4.609162808803049,0.6316226635787975,0.3989471891463747,0.38698277967991335,2.279748052251863,4.005886994949689,1.5510119976275842,1.7991355569774072,1.002157260031598,275.5686436396226,263.4082594649607,80.95780507783844
calce_20r,2,DST_80SOC,calce_20r/2/DST_80SOC,20R DST80,DST,B,Rn,0.2,2000,1.0,17.71863566476582,-0.6929667953393363,0.4802029794428694,0.3376943271739341,-10.26593330845594,14.441629517718773,1.4823262413592975,1.5249683909321763,0.9592825527987497,275.5686436396226,263.4082594649607,80.95780507783844
calce_20r,2,DST_80SOC,calce_20r/2/DST_80SOC,20R DST80,DST,B,Rp,0.2,2000,1.0,23.138941274687525,-0.9657126866511359,0.932600993158955,0.3241051062642125,-22.29146656088929,6.204927225857893,1.1895290223154527,1.1581480715011585,1.1449304647317073,275.5686436396226,263.4082594649607,80.95780507783844
calce_20r,2,DST_80SOC,calce_20r/2/DST_80SOC,20R DST80,DST,B,brug_e,0.2,2000,1.0,12.473825254572537,-0.8649380725566826,0.7481178693580691,0.32499559976034564,-9.974832074941085,7.489929342679954,1.4437003326737934,1.4120868518673149,0.9832747499184415,275.5686436396226,263.4082594649607,80.95780507783844
calce_a123,008,FUDS,calce_a123/008/FUDS,A123 008 FUDS,FUDS,B,Dsn,0.2,2000,1.0,6.54753157522349,0.21619492679432986,0.04674024637160565,0.006239792455447812,3.2471222632724093,5.685628086316346,1.0190464610921333,0.964833400724256,0.1413378891848079,226.69937789401084,124.98637633244628,189.13226501265098
calce_a123,008,FUDS,calce_a123/008/FUDS,A123 008 FUDS,FUDS,B,Dsp,0.2,2000,1.0,2.0379417121948467,0.10606075951138152,0.011248884708131106,0.00026376455880450234,0.3426720427608615,2.0089256565173743,1.0453084594055029,1.4560803362054753,0.010380788570540441,226.69937789401084,124.98637633244628,189.13226501265098
calce_a123,008,FUDS,calce_a123/008/FUDS,A123 008 FUDS,FUDS,B,j0n,0.2,2000,1.0,23.8636103686374,0.8599169401931699,0.7394571440311837,0.6633469546816784,11.346820073106956,20.993369764158288,1.5606036542044004,1.4420935470904646,0.9766528734904159,226.69937789401084,124.98637633244628,189.13226501265098
calce_a123,008,FUDS,calce_a123/008/FUDS,A123 008 FUDS,FUDS,B,j0p,0.2,2000,1.0,0.6091442711641362,0.788098821579457,0.6210997525749289,0.5408882414113898,0.2551671940002531,0.5531242592746443,1.6532054990470413,1.7525830521324286,0.6083680062407272,226.69937789401084,124.98637633244628,189.13226501265098
calce_a123,008,FUDS,calce_a123/008/FUDS,A123 008 FUDS,FUDS,B,De,0.2,2000,1.0,0.6464128992721969,0.40967873989056536,0.16783666991832155,0.0028189081784891767,0.5120309508583516,0.3945553721704722,1.0813069592130669,1.3036008059273865,0.9855017205556612,226.69937789401084,124.98637633244628,189.13226501265098
calce_a123,008,FUDS,calce_a123/008/FUDS,A123 008 FUDS,FUDS,B,kappa_e,0.2,2000,1.0,0.7750669348356348,0.8938764372302989,0.7990150850355328,0.7475808144589071,0.3555151807176604,0.6887217941627776,1.6526088500559415,1.7029904185923934,0.9729063824156586,226.69937789401084,124.98637633244628,189.13226501265098
calce_a123,008,FUDS,calce_a123/008/FUDS,A123 008 FUDS,FUDS,B,Rn,0.2,2000,1.0,28.635903418704032,-0.7975345902746397,0.6360614226845376,0.4881767328128991,-17.28515609921069,22.830644827320683,1.465383891167501,1.2989340478470244,0.8327157646304235,226.69937789401084,124.98637633244628,189.13226501265098
calce_a123,008,FUDS,calce_a123/008/FUDS,A123 008 FUDS,FUDS,B,Rp,0.2,2000,1.0,4.180918532921973,-0.21251717240736062,0.04516354856801986,0.012822198680695784,-0.9124542377876443,4.0801356647633416,1.120025472844842,1.4824979402869722,0.09227449395215309,226.69937789401084,124.98637633244628,189.13226501265098
calce_a123,008,FUDS,calce_a123/008/FUDS,A123 008 FUDS,FUDS,B,brug_e,0.2,2000,1.0,1.4584762028395901,-0.8341711996885428,0.6958415903898231,0.5823560860539686,-1.0975582112574866,0.9604784261765884,1.479521795861387,1.4514627818371812,0.9808775093905349,226.69937789401084,124.98637633244628,189.13226501265098
calce_cs2,33,C0p5,calce_cs2/33/C0p5,CS2 33 0p5C,CC,B,Dsn,0.2,760,1.0,0.06012961074144867,0.7780994948448383,0.6054388238777926,0.23904252247234126,0.057594582622738054,0.01727524646512285,0.943709373697792,1.031788055473395,0.5820207343961865,200.36521775876244,176.636578432364,94.58192029782234
calce_cs2,33,C0p5,calce_cs2/33/C0p5,CS2 33 0p5C,CC,B,Dsp,0.2,760,1.0,1.445311405696585,0.7157670896626311,0.5123225266441132,0.23522528255988395,1.32400117139361,0.5796084519613109,0.8928502269831495,1.0783925581297247,0.5186486854332305,200.36521775876244,176.636578432364,94.58192029782234
calce_cs2,33,C0p5,calce_cs2/33/C0p5,CS2 33 0p5C,CC,B,j0n,0.2,760,1.0,1.7125674860093598,0.8595952603525343,0.7389040116205413,0.10997350983228471,1.7026131916703393,0.18437926588030074,0.9717771346675418,1.0164163605156427,0.9411156964569474,200.36521775876244,176.636578432364,94.58192029782234
calce_cs2,33,C0p5,calce_cs2/33/C0p5,CS2 33 0p5C,CC,B,j0p,0.2,760,1.0,2.0210118191238498,0.8915230720949741,0.7948133880776603,0.43870152100808335,2.019884445235966,0.06749519191829086,1.003360803777384,0.999418399461699,1.0570566276882924,200.36521775876244,176.636578432364,94.58192029782234
calce_cs2,33,C0p5,calce_cs2/33/C0p5,CS2 33 0p5C,CC,B,De,0.2,760,1.0,5.293952535705364,0.8848012674537791,0.7828732828878139,0.026082518903920437,5.268499144321575,0.5185076822806657,1.006782416070385,0.9912184056186145,1.0121020944739576,200.36521775876244,176.636578432364,94.58192029782234
calce_cs2,33,C0p5,calce_cs2/33/C0p5,CS2 33 0p5C,CC,B,kappa_e,0.2,760,1.0,8.552866292979582,0.8815791829930533,0.7771818558866992,0.003958436201522919,8.552866110180366,0.0017683083598188844,1.0001939685085124,0.999971194313298,1.000021620259721,200.36521775876244,176.636578432364,94.58192029782234
calce_cs2,33,C0p5,calce_cs2/33/C0p5,CS2 33 0p5C,CC,B,Rn,0.2,760,1.0,1.7569245306632888,-0.8555356779332534,0.7319412962167113,0.13598473951750367,-1.745142611160839,0.20312821851516719,0.9699424913162978,1.0175611623776286,0.9189224500228573,200.36521775876244,176.636578432364,94.58192029782234
calce_cs2,33,C0p5,calce_cs2/33/C0p5,CS2 33 0p5C,CC,B,Rp,0.2,760,1.0,4.607327906729853,-0.8065720509109804,0.6505584733107455,0.21576719231614538,-4.4814224619435485,1.0697304135713392,0.9418239792153191,1.042878308501954,0.75709362892265,200.36521775876244,176.636578432364,94.58192029782234
calce_cs2,33,C0p5,calce_cs2/33/C0p5,CS2 33 0p5C,CC,B,brug_e,0.2,760,1.0,49.8246276099484,-0.8843197573516891,0.7820214332425501,0.03256439784974263,-49.782922610829594,2.038168980772666,1.0043511898626667,0.9956652149861616,1.0071762643128979,200.36521775876244,176.636578432364,94.58192029782234
chen2020,02,C0p5,chen2020/02/C0p5,Chen2020 C2,CC,A,Dsn,0.2,284,1.0,23.01178338088808,0.9337584176505584,0.8719047825332747,0.9371384717810373,11.8921831259418,19.70071457759799,1.0843005559141097,2.2029694338392276,1.7592924854711565,123.88059325590942,93.49016319896074,81.27724632680267
chen2020,02,C0p5,chen2020/02/C0p5,Chen2020 C2,CC,A,Dsp,0.2,284,1.0,39.38772576553885,0.6795495040781314,0.4617875284928343,0.028133794199399764,37.30815997443483,12.629098950569338,0.9859254275771914,0.7746181020845454,0.7924435215768924,123.88059325590942,93.49016319896074,81.27724632680267
chen2020,02,C0p5,chen2020/02/C0p5,Chen2020 C2,CC,A,j0n,0.2,284,1.0,39.59834524781916,0.7924119561537853,0.6279167082554687,0.45096379019569466,39.426450839075265,3.685637068332135,1.012366589369165,1.1350792571815622,1.1004450148926956,123.88059325590942,93.49016319896074,81.27724632680267
chen2020,02,C0p5,chen2020/02/C0p5,Chen2020 C2,CC,A,j0p,0.2,284,1.0,8.004887586370474,0.821986330226343,0.6756615270789709,0.7548797689557514,7.937832784056692,1.033941953294724,1.0157082693379595,1.1786138909125914,1.166239533468384,123.88059325590942,93.49016319896074,81.27724632680267
chen2020,02,C0p5,chen2020/02/C0p5,Chen2020 C2,CC,A,De,0.2,284,1.0,14.858225569419306,0.756673053516343,0.5725541099177464,0.00989165878861431,14.727298080674911,1.9681357460029687,0.9973967495626332,0.9360586246716986,0.9951694629339007,123.88059325590942,93.49016319896074,81.27724632680267
chen2020,02,C0p5,chen2020/02/C0p5,Chen2020 C2,CC,A,kappa_e,0.2,284,1.0,10.569756031895654,0.7546822052886856,0.5695452309793939,0.001852439902747971,10.569755988635778,0.0009562910856678082,1.0000663573388566,1.0000221640471374,1.000010040499817,123.88059325590942,93.49016319896074,81.27724632680267
chen2020,02,C0p5,chen2020/02/C0p5,Chen2020 C2,CC,A,Rn,0.2,284,1.0,73.99249215015033,-0.9761437671634196,0.9528566541719921,0.9159791130415682,-61.604149918347794,40.98557804188914,1.061451885931556,1.8718664248072485,1.5871141494551229,123.88059325590942,93.49016319896074,81.27724632680267
chen2020,02,C0p5,chen2020/02/C0p5,Chen2020 C2,CC,A,Rp,0.2,284,1.0,82.65973270390958,-0.6983930968396814,0.4877529177133207,0.018256524495315563,-79.25335793679432,23.48481778562775,0.9878927797411383,0.8154766134891763,0.8340874028957888,123.88059325590942,93.49016319896074,81.27724632680267
chen2020,02,C0p5,chen2020/02/C0p5,Chen2020 C2,CC,A,brug_e,0.2,284,1.0,46.39545012819855,-0.7577720278084952,0.5742184461289989,0.011065843164907774,-46.250973291311944,3.658587460278541,0.9978487384984108,0.9525491326291201,0.9997124626990168,123.88059325590942,93.49016319896074,81.27724632680267
chen2020,02,C1p5,chen2020/02/C1p5,Chen2020 1p5C,CC,A,Dsn,0.2,135,0.9440559440559441,93.54141433116553,0.07458078944960554,0.0055622941549263935,0.5679499463563964,50.76170826546354,78.57000171214679,1.0765504337634166,1.7341570516653562,1.5930869130432783,48.04015878520048,35.982302601286655,31.82971497856547
chen2020,02,C1p5,chen2020/02/C1p5,Chen2020 1p5C,CC,A,Dsp,0.2,140,0.9790209790209791,102.33383040280796,0.5956205988816209,0.35476389781210066,0.400024461279885,96.46059718688812,34.16966542504588,1.0106549848987876,0.9548764872117965,1.0908609238724298,48.04015878520048,35.982302601286655,31.82971497856547
chen2020,02,C1p5,chen2020/02/C1p5,Chen2020 1p5C,CC,A,j0n,0.2,141,0.986013986013986,49.65602287507186,0.7573230305422208,0.5735381725896537,0.19184749938287005,49.636878202733094,1.378742200956876,1.0003275054999934,1.0367023903427681,1.0223782657492544,48.04015878520048,35.982302601286655,31.82971497856547
chen2020,02,C1p5,chen2020/02/C1p5,Chen2020 1p5C,CC,A,j0p,0.2,142,0.993006993006993,30.943058777980863,0.6597404583236739,0.4352574723491312,0.5317829644986163,30.443968164804264,5.535132240332023,1.0012839785503895,1.0883007488004475,1.1734822196801502,48.04015878520048,35.982302601286655,31.82971497856547
chen2020,02,C1p5,chen2020/02/C1p5,Chen2020 1p5C,CC,A,De,0.2,140,0.9790209790209791,91.50940138319415,0.6464002260033683,0.4178332521772056,0.26190565536430255,87.56995545372796,26.560750052335393,0.9958107367673092,0.8964736590665888,1.097573910819436,48.04015878520048,35.982302601286655,31.82971497856547
chen2020,02,C1p5,chen2020/02/C1p5,Chen2020 1p5C,CC,A,kappa_e,0.2,142,0.993006993006993,31.709076994253834,0.7571637722036308,0.5732969779376318,3.782221410508768e-06,31.70907696548511,0.0013507255505123233,1.0000218091910693,1.0000225080637777,0.9999982151834091,48.04015878520048,35.982302601286655,31.82971497856547
chen2020,02,C1p5,chen2020/02/C1p5,Chen2020 1p5C,CC,A,Rn,0.2,130,0.9090909090909091,179.51835310584573,-0.35911678540195535,0.12896486555743403,0.47741190596136684,-129.49352908942848,124.33127131096364,1.0723105507097719,1.2912178328856156,1.5937731132149902,48.04015878520048,35.982302601286655,31.82971497856547
chen2020,02,C1p5,chen2020/02/C1p5,Chen2020 1p5C,CC,A,Rp,0.2,136,0.951048951048951,226.27890346531413,-0.6431282035783622,0.4136138862379312,0.4673597950763786,-215.30159920167765,69.62301009483225,1.0062450836042334,0.868452071533447,1.114726050744569,48.04015878520048,35.982302601286655,31.82971497856547
chen2020,02,C1p5,chen2020/02/C1p5,Chen2020 1p5C,CC,A,brug_e,0.2,136,0.951048951048951,245.53166865697204,-0.7141168994663956,0.5099629461034982,0.2630385801729551,-238.81635204401235,57.03113456584451,0.9953118158806283,0.7946194617191482,1.085218204986775,48.04015878520048,35.982302601286655,31.82971497856547
