Time [s],Current [mA],Discharge capacity [A.h],Voltage [V],Absolute error [V]
0,0,0,4.1934,4.4141e-05
0.0365,1.7195,8.9807e-09,4.1395,0.031665
0.0505,1.7191,1.5667e-08,4.1394,0.026635
0.0685,1.7193,2.4263e-08,4.1393,0.021441
0.0905,1.7194,3.477e-08,4.1393,0.016446
0.1185,1.7194,4.8143e-08,4.1392,0.011297
0.1565,1.7195,6.6292e-08,4.1392,0.0063642
0.2145,1.7193,9.3995e-08,4.1391,0.0012906
0.3245,1.7195,1.4653e-07,4.1389,0.0035854
0.8605,1.7194,4.0254e-07,4.1383,0.0079302
5.0285,1.7194,2.3932e-06,4.1353,0.010015
17.755,1.7194,8.4711e-06,4.1315,0.011242
77.755,1.7194,3.7127e-05,4.1252,0.007055
137.75,1.7194,6.5784e-05,4.1231,0.0044833
197.75,1.7194,9.444e-05,4.1218,0.0028504
257.75,1.7194,0.0001231,4.1207,0.0019492
317.75,1.7194,0.00015175,4.1196,0.0013843
377.75,1.7194,0.00018041,4.1182,0.00066664
437.75,1.7194,0.00020906,4.1164,1.1031e-05
497.75,1.7194,0.00023772,4.1142,0.00064664
557.75,1.7194,0.00026638,4.1115,0.0015192
617.75,1.7194,0.00029503,4.1083,0.0022296
677.75,1.7194,0.00032369,4.1049,0.0026518
737.75,1.7193,0.00035234,4.1012,0.0026004
797.75,1.7193,0.000381,4.0969,0.0025492
851.05,1.7193,0.00040645,4.0926,0.0019024
899.71,1.7193,0.00042969,4.0882,0.0013207
943.36,1.7193,0.00045054,4.0838,0.00068645
982.71,1.7193,0.00046933,4.0795,8.6873e-06
1019,1.7193,0.00048666,4.0752,0.00072528
1053.2,1.7193,0.000503,4.0708,0.0013836
1086,1.7193,0.00051865,4.0663,0.0018853
1117.5,1.7194,0.00053371,4.0616,0.002168
1147.3,1.7194,0.00054795,4.0568,0.0024089
1177.3,1.7194,0.00056227,4.0518,0.0023781
1206.5,1.7194,0.00057622,4.0467,0.0023115
1235.9,1.7194,0.00059027,4.0415,0.0021365
1265.2,1.7194,0.00060423,4.0363,0.0019596
1295.5,1.7194,0.00061871,4.0308,0.0015712
1326.4,1.7194,0.00063346,4.0253,0.0010599
1357.2,1.7194,0.00064821,4.0199,0.00064928
1389.5,1.7194,0.0006636,4.0144,0.0001163
1422.7,1.7194,0.00067946,4.0088,0.00045455
1457.2,1.7194,0.00069593,4.0032,0.0010472
1493.4,1.7194,0.00071324,3.9976,0.0016697
1531.4,1.7194,0.00073141,3.9919,0.0023584
1570.5,1.7194,0.00075008,3.9863,0.0029638
1612.5,1.7194,0.00077011,3.9806,0.0036334
1656.5,1.7194,0.00079113,3.9749,0.0043647
1701.7,1.7194,0.0008127,3.9693,0.0049429
1749.6,1.7194,0.0008356,3.9637,0.0055484
1798.4,1.7194,0.00085892,3.9583,0.0059514
1849.6,1.7194,0.00088338,3.953,0.0062577
1901.6,1.7193,0.00090818,3.9479,0.0063407
1953.8,1.7194,0.00093314,3.9429,0.0063358
2005.7,1.7194,0.00095791,3.938,0.0062291
2056.2,1.7194,0.00098206,3.9332,0.0059975
2105.6,1.7194,0.0010056,3.9286,0.005587
2154.5,1.7193,0.001029,3.9241,0.0051506
2201.1,1.7194,0.0010512,3.9195,0.0046642
2246.9,1.7194,0.0010731,3.9149,0.0043008
2290.8,1.7194,0.0010941,3.9104,0.0038388
2333.8,1.7194,0.0011146,3.9058,0.0034122
2375.6,1.7194,0.0011346,3.9013,0.0028872
2417,1.7194,0.0011543,3.8967,0.0024775
2456.3,1.7194,0.0011731,3.8923,0.001866
2495.6,1.7194,0.0011919,3.8879,0.0012611
2533.8,1.7194,0.0012102,3.8835,0.00069045
2571.6,1.7194,0.0012282,3.8788,0.00037008
2608.6,1.7194,0.0012459,3.8741,7.2908e-05
2645.9,1.7194,0.0012637,3.8693,0.00012442
2682.3,1.7194,0.0012811,3.8645,0.00032499
2718.3,1.7194,0.0012982,3.8597,0.00051954
2754.3,1.7194,0.0013154,3.8548,0.00066709
2790.1,1.7194,0.0013325,3.8499,0.0008146
2825.7,1.7194,0.0013496,3.8451,0.00095662
2861.4,1.7194,0.0013666,3.8404,0.0013004
2897.3,1.7194,0.0013837,3.8359,0.0017407
2933.5,1.7193,0.001401,3.8312,0.0021104
2970.1,1.7193,0.0014185,3.8262,0.002129
3006.9,1.7193,0.0014361,3.821,0.0019712
3043.9,1.7193,0.0014537,3.8158,0.0017627
3081.5,1.7193,0.0014717,3.8106,0.0014895
3119.8,1.7193,0.00149,3.8052,0.0011549
3159.4,1.7193,0.0015089,3.7998,0.00076296
3199.8,1.7193,0.0015282,3.7944,0.00036866
3241.6,1.7193,0.0015482,3.7888,0.00019049
3284.8,1.7193,0.0015688,3.7833,0.00074919
3329.5,1.7193,0.0015902,3.7777,0.0013335
3375.4,1.7193,0.0016121,3.7721,0.0018939
3423.3,1.7193,0.001635,3.7666,0.0024044
3472.2,1.7193,0.0016583,3.7612,0.0028214
3524.6,1.7193,0.0016834,3.7556,0.0034079
3578,1.7193,0.0017088,3.7502,0.003829
3632.5,1.7193,0.0017349,3.7449,0.0041104
3689.9,1.7193,0.0017623,3.7395,0.0045218
3748.7,1.7194,0.0017904,3.7342,0.004834
3808.7,1.7193,0.001819,3.729,0.0052638
3867.4,1.7193,0.001847,3.7241,0.0051476
3927.4,1.7194,0.0018757,3.7193,0.0053511
3987.4,1.7193,0.0019044,3.7146,0.0051821
4047.4,1.7194,0.001933,3.7099,0.0051088
4107.4,1.7194,0.0019617,3.7054,0.0049269
4167.4,1.7193,0.0019903,3.7008,0.0047945
4227.2,1.7193,0.0020189,3.6963,0.0042716
4287.2,1.7193,0.0020476,3.6918,0.0040857
4347.2,1.7194,0.0020762,3.6874,0.00372
4405.9,1.7194,0.0021042,3.683,0.0031426
4465.9,1.7194,0.0021329,3.6783,0.0029596
4523.3,1.7194,0.0021603,3.674,0.0022999
4581.3,1.7193,0.002188,3.6696,0.0016511
4638.9,1.7194,0.0022155,3.6652,0.0010804
4695.2,1.7194,0.0022424,3.6608,0.0004451
4750.8,1.7194,0.0022689,3.6566,0.00033251
4805.3,1.7194,0.002295,3.6524,0.0011267
4859.7,1.7194,0.002321,3.6482,0.0019591
4913,1.7194,0.0023464,3.6441,0.0028525
4964.7,1.7194,0.0023711,3.64,0.0038049
5015.7,1.7194,0.0023955,3.636,0.0047826
5064.7,1.7194,0.0024189,3.6322,0.0059319
5113.4,1.7194,0.0024421,3.6283,0.007101
5159.9,1.7194,0.0024643,3.6246,0.0083995
5205.4,1.7194,0.0024861,3.6209,0.0097191
5248.7,1.7194,0.0025068,3.6175,0.011246
5290.6,1.7194,0.0025268,3.614,0.012743
5330.3,1.7194,0.0025457,3.61,0.013842
5368.2,1.7193,0.0025638,3.6056,0.014366
5403.7,1.7194,0.0025808,3.6013,0.015075
5437.3,1.7194,0.0025969,3.5971,0.015851
5469.5,1.7194,0.0026122,3.5927,0.016464
5499.5,1.7194,0.0026266,3.5881,0.016918
5527.3,1.7194,0.0026398,3.5834,0.017194
5553.7,1.7193,0.0026524,3.5781,0.016939
5578.3,1.7193,0.0026642,3.5728,0.016618
5601.5,1.7193,0.0026752,3.5669,0.015733
5623.1,1.7194,0.0026856,3.5616,0.01546
5643.3,1.7194,0.0026952,3.5568,0.015723
5662.2,1.7193,0.0027042,3.552,0.015944
5680.1,1.7193,0.0027128,3.547,0.015957
5696.6,1.7193,0.0027207,3.5425,0.016415
5712.1,1.7193,0.0027281,3.5384,0.017353
5726.4,1.7193,0.0027349,3.5347,0.018693
5740.2,1.7194,0.0027415,3.531,0.020049
5752.7,1.7193,0.0027475,3.5276,0.021593
5764.8,1.7193,0.0027532,3.5241,0.023103
5776,1.7193,0.0027586,3.5206,0.024647
5786.6,1.7193,0.0027637,3.5172,0.026284
5796.6,1.7194,0.0027684,3.514,0.028011
5806.1,1.7194,0.002773,3.5108,0.029801
5815,1.7194,0.0027773,3.5076,0.031704
5823.7,1.7193,0.0027814,3.5045,0.033547
5831.8,1.7193,0.0027853,3.5014,0.035498
5839.5,1.7193,0.0027889,3.4984,0.037515
5846.9,1.7193,0.0027925,3.4954,0.039486
5854,1.7194,0.0027958,3.4924,0.041507
5860.7,1.7194,0.0027991,3.4894,0.043589
5867.2,1.7194,0.0028022,3.4865,0.045617
5873.4,1.7194,0.0028051,3.4835,0.047688
5879.3,1.7194,0.002808,3.4806,0.049765
5885,1.7194,0.0028107,3.4777,0.05188
5890.6,1.7194,0.0028133,3.4748,0.053954
5896,1.7194,0.0028159,3.4719,0.056035
5901.1,1.7194,0.0028183,3.469,0.058174
5906,1.7194,0.0028207,3.4661,0.060294
5910.8,1.7194,0.002823,3.4632,0.062376
5915.5,1.7194,0.0028252,3.4603,0.064451
5919.9,1.7194,0.0028273,3.4574,0.066585
5924.4,1.7194,0.0028295,3.4544,0.068588
5928.6,1.7194,0.0028315,3.4514,0.070625
5932.8,1.7194,0.0028335,3.4485,0.072644
5936.8,1.7194,0.0028354,3.4454,0.074621
5940.7,1.7193,0.0028373,3.4424,0.076591
5944.5,1.7194,0.0028391,3.4393,0.078548
5948.2,1.7193,0.0028409,3.4362,0.08049
5951.9,1.7193,0.0028426,3.433,0.082281
5955.5,1.7193,0.0028443,3.4298,0.084082
5958.9,1.7193,0.002846,3.4265,0.085788
5962.3,1.7193,0.0028476,3.4232,0.087526
5965.6,1.7193,0.0028491,3.4199,0.089148
5968.8,1.7193,0.0028507,3.4165,0.090749
5971.9,1.7193,0.0028522,3.413,0.092259
5975,1.7193,0.0028536,3.4094,0.093707
5978.1,1.7194,0.0028551,3.4058,0.095069
5980.9,1.7194,0.0028565,3.4022,0.096488
5983.8,1.7193,0.0028579,3.3984,0.097738
5986.6,1.7193,0.0028592,3.3947,0.098953
5989.4,1.7194,0.0028605,3.3908,0.1001
5992.1,1.7194,0.0028618,3.3869,0.10122
5994.7,1.7194,0.0028631,3.3829,0.10218
5997.3,1.7194,0.0028643,3.3788,0.10313
5999.9,1.7193,0.0028655,3.3747,0.10404
6002.4,1.7193,0.0028667,3.3704,0.10476
6004.8,1.7193,0.0028679,3.3662,0.10552
6007.2,1.7193,0.002869,3.3618,0.10618
6009.5,1.7194,0.0028701,3.3574,0.10678
6011.8,1.7193,0.0028712,3.3529,0.10729
6014,1.7194,0.0028723,3.3484,0.10778
6016.2,1.7194,0.0028733,3.3438,0.10814
6018.4,1.7193,0.0028744,3.3391,0.10846
6020.5,1.7193,0.0028754,3.3343,0.10868
6022.6,1.7193,0.0028764,3.3295,0.10885
6024.6,1.7193,0.0028774,3.3246,0.10901
6026.7,1.7193,0.0028783,3.3197,0.10905
6028.6,1.7193,0.0028793,3.3146,0.10901
6030.5,1.7193,0.0028802,3.3096,0.10902
6032.4,1.7193,0.0028811,3.3045,0.10893
6034.3,1.7193,0.002882,3.2994,0.10875
6036.1,1.7193,0.0028828,3.2942,0.10857
6037.9,1.7193,0.0028837,3.2889,0.10833
6039.6,1.7193,0.0028845,3.2836,0.10803
6041.4,1.7193,0.0028853,3.2783,0.10775
6043,1.7193,0.0028861,3.2729,0.10745
6044.7,1.7194,0.002887,3.2674,0.10693
6046.4,1.7194,0.0028877,3.262,0.10656
6047.9,1.7194,0.0028885,3.2565,0.1061
6049.6,1.7194,0.0028893,3.2508,0.10544
6051.1,1.7193,0.00289,3.2452,0.10478
6052.6,1.7193,0.0028907,3.2396,0.10422
6054.1,1.7193,0.0028914,3.2339,0.10353
6055.6,1.7193,0.0028921,3.2283,0.10291
6057,1.7193,0.0028928,3.2226,0.10223
6058.4,1.7194,0.0028935,3.2169,0.10151
6059.8,1.7194,0.0028941,3.2112,0.10084
6061.2,1.7194,0.0028948,3.2054,0.10002
6062.5,1.7193,0.0028954,3.1997,0.099387
6063.8,1.7193,0.0028961,3.1939,0.098604
6065.1,1.7194,0.0028967,3.188,0.097704
6066.4,1.7194,0.0028973,3.1822,0.096953
6067.6,1.7194,0.0028979,3.1766,0.096315
6068.8,1.7194,0.0028984,3.1707,0.095456
6070,1.7193,0.002899,3.1649,0.094683
6071.1,1.7193,0.0028996,3.1591,0.093951
6072.3,1.7193,0.0029001,3.1533,0.093137
6073.4,1.7193,0.0029006,3.1477,0.092527
6074.5,1.7193,0.0029011,3.142,0.091794
6075.5,1.7193,0.0029017,3.1362,0.091138
6076.6,1.7194,0.0029022,3.1304,0.090306
6077.6,1.7193,0.0029027,3.1247,0.089597
6078.6,1.7194,0.0029031,3.1193,0.089208
6079.6,1.7193,0.0029036,3.1134,0.088385
6080.6,1.7193,0.0029041,3.1079,0.08785
6081.5,1.7194,0.0029045,3.1023,0.087227
6082.5,1.7193,0.002905,3.0965,0.086484
6083.4,1.7194,0.0029054,3.0907,0.085731
6084.4,1.7193,0.0029059,3.0849,0.084948
6085.3,1.7193,0.0029063,3.0791,0.084176
6086.2,1.7193,0.0029068,3.0733,0.083352
6087.1,1.7194,0.0029072,3.0676,0.082762
6088,1.7194,0.0029076,3.062,0.082117
6088.8,1.7194,0.002908,3.0562,0.081375
6089.7,1.7194,0.0029084,3.0506,0.080715
6090.5,1.7193,0.0029088,3.045,0.080101
6091.4,1.7194,0.0029092,3.0392,0.079302
6092.2,1.7194,0.0029096,3.0334,0.07858
6093,1.7193,0.00291,3.0278,0.077949
6093.8,1.7193,0.0029104,3.0223,0.077467
6094.6,1.7193,0.0029107,3.0167,0.076926
6095.3,1.7193,0.0029111,3.0112,0.076496
6096,1.7193,0.0029114,3.0058,0.076136
6096.8,1.7193,0.0029118,3.0001,0.075487
6097.6,1.7193,0.0029122,2.9945,0.074963
6098.3,1.7194,0.0029125,2.9888,0.074223
6099.1,1.7194,0.0029129,2.9831,0.073574
6099.8,1.7194,0.0029132,2.9776,0.073083
6100.5,1.7193,0.0029136,2.9719,0.07236
6101.2,1.7193,0.0029139,2.9661,0.071571
6101.9,1.7194,0.0029143,2.9605,0.070924
6102.7,1.7194,0.0029146,2.9547,0.0702
6103.4,1.7194,0.0029149,2.9491,0.069596
6104,1.7193,0.0029153,2.9436,0.069171
6104.7,1.7194,0.0029156,2.9383,0.06883
6105.3,1.7193,0.0029159,2.9329,0.068511
6106,1.7193,0.0029162,2.9274,0.068045
6106.7,1.7194,0.0029165,2.9216,0.06734
6107.3,1.7194,0.0029168,2.9159,0.066639
6108,1.7193,0.0029172,2.9104,0.066141
6108.6,1.7194,0.0029175,2.9049,0.065624
6109.3,1.7194,0.0029178,2.8992,0.064909
6109.8,1.7193,0.002918,2.8943,0.064999
6110.5,1.7193,0.0029183,2.8886,0.064357
6111.1,1.7194,0.0029186,2.8831,0.063842
6111.7,1.7194,0.002919,2.8773,0.063026
6112.4,1.7194,0.0029193,2.8715,0.062292
6113,1.7193,0.0029196,2.8656,0.061326
6113.7,1.7194,0.0029199,2.8595,0.060264
6114.4,1.7193,0.0029202,2.8533,0.059078
6115,1.7193,0.0029205,2.8472,0.058056
6115.7,1.7193,0.0029208,2.8408,0.056666
6116.4,1.7194,0.0029212,2.8346,0.055419
6117,1.7194,0.0029215,2.8284,0.054221
6117.7,1.7193,0.0029218,2.822,0.052893
6118.3,1.7194,0.0029221,2.8158,0.051699
6119,1.7193,0.0029224,2.8095,0.050369
6119.6,1.7193,0.0029227,2.8032,0.049018
6120.2,1.7194,0.002923,2.7971,0.047922
6120.9,1.7194,0.0029233,2.7906,0.046492
6121.5,1.7194,0.0029236,2.7841,0.044977
6122.1,1.7194,0.0029239,2.7778,0.043657
6122.8,1.7193,0.0029242,2.7712,0.042076
6123.4,1.7194,0.0029245,2.7645,0.040455
6124.1,1.7194,0.0029248,2.7578,0.038816
6124.7,1.7193,0.0029252,2.7511,0.037189
6125.4,1.7193,0.0029255,2.7445,0.035513
6126,1.7194,0.0029258,2.7379,0.033942
6126.6,1.7193,0.0029261,2.7313,0.032339
6127.3,1.7194,0.0029264,2.7246,0.030675
6127.9,1.7194,0.0029267,2.7179,0.028975
6128.5,1.7194,0.002927,2.7111,0.027217
6129.2,1.7194,0.0029273,2.7042,0.025352
6129.8,1.7194,0.0029276,2.6973,0.023424
6130.4,1.7194,0.0029279,2.6906,0.02171
6131,1.7194,0.0029282,2.6839,0.020006
6131.6,1.7194,0.0029285,2.677,0.01813
6132.2,1.7194,0.0029287,2.6705,0.01665
6132.8,1.7194,0.002929,2.6637,0.014857
6133.4,1.7193,0.0029293,2.6572,0.013354
6134,1.7194,0.0029296,2.6504,0.011594
6134.6,1.7194,0.0029299,2.6438,0.010049
6135.2,1.7193,0.0029302,2.6371,0.0082689
6135.8,1.7193,0.0029304,2.6303,0.006523
6136.4,1.7193,0.0029307,2.6236,0.0048329
6137,1.7194,0.002931,2.6166,0.0028836
6137.6,1.7194,0.0029313,2.6099,0.0011192
6138.2,1.7194,0.0029316,2.6033,0.00043443
6138.8,1.7194,0.0029319,2.5965,0.0021717
6139.3,1.7194,0.0029321,2.5898,0.0038802
6139.9,1.7194,0.0029324,2.5831,0.0055892
6140.5,1.7194,0.0029327,2.5762,0.0073691
6141.1,1.7193,0.002933,2.5693,0.009253
6141.7,1.7194,0.0029332,2.5627,0.010836
6142.2,1.7194,0.0029335,2.5561,0.012348
6142.8,1.7194,0.0029338,2.5495,0.013867
6143.4,1.7194,0.0029341,2.5429,0.015538
6143.9,1.7194,0.0029343,2.5363,0.01708
6144.5,1.7194,0.0029346,2.5297,0.018699
6145.1,1.7194,0.0029349,2.5232,0.020148
6145.6,1.7194,0.0029351,2.5165,0.021794
6146.2,1.7193,0.0029354,2.51,0.023242
6146.7,1.7194,0.0029357,2.5034,0.02479
6147.3,1.7193,0.0029359,2.4968,0.026403
6147.9,1.7193,0.0029362,2.4903,0.027976
6148.4,1.7194,0.0029365,2.4839,0.029367
6149,1.7194,0.0029367,2.4774,0.030843
6149.5,1.7194,0.002937,2.4711,0.032123
6149.9,1.7194,0.0029372,2.4668,0.033078
6149.9,1.7191,0.0029372,2.4668,0.033172
6149.9,1.5281,0.0029372,2.4731,0.12437
6149.9,0,0.0029372,2.5242,0.078499
6149.9,0,0.0029372,2.5257,0.084155
6149.9,0,0.0029372,2.5262,0.089953
6149.9,0,0.0029372,2.5267,0.09528
6149.9,0,0.0029372,2.5272,0.10006
6149.9,0,0.0029372,2.5279,0.10585
6149.9,0,0.0029372,2.5285,0.11117
6149.9,0,0.0029372,2.5292,0.11602
6149.9,0,0.0029372,2.5299,0.12047
6149.9,0,0.0029372,2.5307,0.12567
6150,0,0.0029372,2.5315,0.13043
6150,0,0.0029372,2.5324,0.13473
6150,0,0.0029372,2.5333,0.13949
6150,0,0.0029372,2.5343,0.14405
6150,0,0.0029372,2.5353,0.14822
6150,0,0.0029372,2.5365,0.15266
6150,0,0.0029372,2.5376,0.15682
6150,0,0.0029372,2.5388,0.16083
6150.1,0,0.0029372,2.5401,0.16492
6150.1,0,0.0029372,2.5414,0.16873
6150.1,0,0.0029372,2.5429,0.17289
6150.1,0,0.0029372,2.5444,0.17673
6150.1,0,0.0029372,2.546,0.18058
6150.2,0,0.0029372,2.5476,0.1843
6150.2,0,0.0029372,2.5493,0.1877
6150.2,0,0.0029372,2.5509,0.19106
6150.2,0,0.0029372,2.5527,0.19446
6150.2,0,0.0029372,2.5547,0.19782
6150.3,0,0.0029372,2.5566,0.20114
6150.3,0,0.0029372,2.5586,0.20439
6150.3,0,0.0029372,2.5607,0.20758
6150.3,0,0.0029372,2.5627,0.21069
6150.4,0,0.0029372,2.565,0.21371
6150.4,0,0.0029372,2.5673,0.21681
6150.4,0,0.0029372,2.5695,0.21956
6150.5,0,0.0029372,2.5719,0.22243
6150.5,0,0.0029372,2.5743,0.22518
6150.5,0,0.0029372,2.5767,0.22781
6150.5,0,0.0029372,2.5793,0.23047
6150.6,0,0.0029372,2.5818,0.23293
6150.6,0,0.0029372,2.5845,0.23551
6150.6,0,0.0029372,2.5872,0.2379
6150.7,0,0.0029372,2.5899,0.24028
6150.7,0,0.0029372,2.5927,0.24266
6150.8,0,0.0029372,2.5956,0.24488
6150.8,0,0.0029372,2.5986,0.24711
6150.8,0,0.0029372,2.6014,0.2493
6150.9,0,0.0029372,2.6045,0.25131
6150.9,0,0.0029372,2.6076,0.25345
6150.9,0,0.0029372,2.6107,0.25539
6151,0,0.0029372,2.614,0.25746
6151,0,0.0029372,2.6172,0.25935
6151.1,0,0.0029372,2.6207,0.2611
6151.1,0,0.0029372,2.6239,0.26297
6151.2,0,0.0029372,2.6272,0.26463
6151.2,0,0.0029372,2.6306,0.26631
6151.2,0,0.0029372,2.6341,0.26787
6151.3,0,0.0029372,2.6376,0.26936
6151.3,0,0.0029372,2.6411,0.27096
6151.4,0,0.0029372,2.6447,0.27235
6151.4,0,0.0029372,2.6485,0.27375
6151.5,0,0.0029372,2.6522,0.27521
6151.5,0,0.0029372,2.6559,0.27656
6151.6,0,0.0029372,2.6598,0.27787
6151.6,0,0.0029372,2.6636,0.27903
6151.7,0,0.0029372,2.6674,0.28027
6151.7,0,0.0029372,2.6714,0.2814
6151.8,0,0.0029372,2.6755,0.28259
6151.9,0,0.0029372,2.6796,0.28354
6151.9,0,0.0029372,2.6838,0.28461
6152,0,0.0029372,2.6879,0.28549
6152,0,0.0029372,2.6921,0.28639
6152.1,0,0.0029372,2.6962,0.28726
6152.2,0,0.0029372,2.7005,0.28809
6152.2,0,0.0029372,2.7049,0.2888
6152.3,0,0.0029372,2.7092,0.28955
6152.3,0,0.0029372,2.7137,0.29017
6152.4,0,0.0029372,2.718,0.2909
6152.5,0,0.0029372,2.7224,0.29153
6152.5,0,0.0029372,2.7269,0.29201
6152.6,0,0.0029372,2.7315,0.29258
6152.7,0,0.0029372,2.7361,0.29307
6152.7,0,0.0029372,2.7407,0.2935
6152.8,0,0.0029372,2.7453,0.29392
6152.9,0,0.0029372,2.75,0.29429
6152.9,0,0.0029372,2.7546,0.29467
6153,0,0.0029372,2.7593,0.29492
6153.1,0,0.0029372,2.7641,0.29519
6153.2,0,0.0029372,2.769,0.29543
6153.2,0,0.0029372,2.774,0.29553
6153.3,0,0.0029372,2.779,0.29562
6153.4,0,0.0029372,2.784,0.2957
6153.5,0,0.0029372,2.7889,0.29584
6153.6,0,0.0029372,2.7939,0.29592
6153.6,0,0.0029372,2.799,0.29591
6153.7,0,0.0029372,2.8041,0.29577
6153.8,0,0.0029372,2.8092,0.29572
6153.9,0,0.0029372,2.8144,0.29566
6154,0,0.0029372,2.8196,0.2954
6154.1,0,0.0029372,2.8247,0.29546
6154.2,0,0.0029372,2.8301,0.29511
6154.3,0,0.0029372,2.8354,0.29479
6154.3,0,0.0029372,2.8407,0.29454
6154.4,0,0.0029372,2.846,0.29421
6154.5,0,0.0029372,2.8513,0.29391
6154.6,0,0.0029372,2.8568,0.29357
6154.7,0,0.0029372,2.8624,0.29314
6154.8,0,0.0029372,2.8679,0.29257
6154.9,0,0.0029372,2.8734,0.29216
6155,0,0.0029372,2.8791,0.29165
6155.2,0,0.0029372,2.8847,0.29111
6155.3,0,0.0029372,2.8903,0.29053
6155.4,0,0.0029372,2.8959,0.29
6155.5,0,0.0029372,2.9016,0.28935
6155.6,0,0.0029372,2.9073,0.28871
6155.7,0,0.0029372,2.9131,0.28798
6155.8,0,0.0029372,2.9189,0.28719
6155.9,0,0.0029372,2.9248,0.28639
6156.1,0,0.0029372,2.9306,0.28558
6156.2,0,0.0029372,2.9363,0.28499
6156.3,0,0.0029372,2.9423,0.28408
6156.4,0,0.0029372,2.9482,0.28318
6156.6,0,0.0029372,2.954,0.28244
6156.7,0,0.0029372,2.9599,0.28149
6156.8,0,0.0029372,2.9658,0.28062
6157,0,0.0029372,2.9717,0.27982
6157.1,0,0.0029372,2.9779,0.27871
6157.3,0,0.0029372,2.9839,0.27768
6157.4,0,0.0029372,2.9899,0.27665
6157.6,0,0.0029372,2.996,0.2756
6157.7,0,0.0029372,3.0021,0.27457
6157.9,0,0.0029372,3.0085,0.27322
6158,0,0.0029372,3.0147,0.27211
6158.2,0,0.0029372,3.0208,0.27102
6158.3,0,0.0029372,3.0269,0.26995
6158.5,0,0.0029372,3.0333,0.26862
6158.7,0,0.0029372,3.0393,0.26761
6158.8,0,0.0029372,3.0455,0.26645
6159,0,0.0029372,3.0516,0.26535
6159.2,0,0.0029372,3.0579,0.2641
6159.4,0,0.0029372,3.0639,0.26304
6159.6,0,0.0029372,3.0703,0.26177
6159.8,0,0.0029372,3.0765,0.26055
6159.9,0,0.0029372,3.0827,0.2594
6160.1,0,0.0029372,3.0889,0.25827
6160.3,0,0.0029372,3.0952,0.25697
6160.6,0,0.0029372,3.1014,0.25575
6160.8,0,0.0029372,3.1077,0.2545
6161,0,0.0029372,3.1139,0.2533
6161.2,0,0.0029372,3.1203,0.25195
6161.4,0,0.0029372,3.1266,0.25073
6161.7,0,0.0029372,3.1329,0.24945
6161.9,0,0.0029372,3.1392,0.24814
6162.1,0,0.0029372,3.1456,0.24679
6162.4,0,0.0029372,3.1518,0.24556
6162.7,0,0.0029372,3.1581,0.24427
6162.9,0,0.0029372,3.1646,0.24282
6163.2,0,0.0029372,3.171,0.24147
6163.5,0,0.0029372,3.1774,0.24004
6163.8,0,0.0029372,3.1839,0.23857
6164.1,0,0.0029372,3.1903,0.23714
6164.4,0,0.0029372,3.1969,0.2356
6164.7,0,0.0029372,3.2035,0.23403
6165.1,0,0.0029372,3.2101,0.23239
6165.4,0,0.0029372,3.2168,0.23076
6165.8,0,0.0029372,3.2235,0.229
6166.2,0,0.0029372,3.2302,0.22731
6166.6,0,0.0029372,3.2373,0.2253
6167,0,0.0029372,3.2442,0.22339
6167.5,0,0.0029372,3.2514,0.22116
6167.9,0,0.0029372,3.2587,0.21899
6168.5,0,0.0029372,3.266,0.2166
6169,0,0.0029372,3.2736,0.2141
6169.6,0,0.0029372,3.2815,0.21124
6170.2,0,0.0029372,3.2894,0.20841
6170.9,0,0.0029372,3.2977,0.20508
6171.7,0,0.0029372,3.3064,0.20143
6172.5,0,0.0029372,3.3152,0.19759
6173.5,0,0.0029372,3.3246,0.19339
6174.6,0,0.0029372,3.3347,0.18842
6175.8,0,0.0029372,3.3451,0.18301
6177.2,0,0.0029372,3.3558,0.17737
6178.8,0,0.0029372,3.3673,0.17087
6180.8,0,0.0029372,3.3797,0.16358
6183.1,0,0.0029372,3.3925,0.1557
6186,0,0.0029372,3.4064,0.14686
6189.6,0,0.0029372,3.4208,0.13751
6194.2,0,0.0029372,3.436,0.12732
6200.3,0,0.0029372,3.4518,0.11656
6208.7,0,0.0029372,3.4681,0.10522
6220.6,0,0.0029372,3.4848,0.093514
6238,0,0.0029372,3.5015,0.081807
6265.4,0,0.0029372,3.5186,0.069735
6312,0,0.0029372,3.536,0.057412
6403.6,0,0.0029372,3.5542,0.044253
6523.6,0,0.0029372,3.5664,0.035096
6643.6,0,0.0029372,3.5735,0.029703
6763.6,0,0.0029372,3.5781,0.026198
6883.6,0,0.0029372,3.5814,0.023737
7003.6,0,0.0029372,3.5839,0.021719
7123.6,0,0.0029372,3.5857,0.02029
7243.6,0,0.0029372,3.5872,0.019233
7363.6,0,0.0029372,3.5883,0.018398
7483.6,0,0.0029372,3.5892,0.017715
7603.6,0,0.0029372,3.59,0.017216
7723.6,0,0.0029372,3.5906,0.016888
7843.6,0,0.0029372,3.5911,0.016556
