time_s,current_A,voltage_V,capacity_Ah,cycle,step,cell_temperature_C,sample_id,protocol_id
0.0,-0.0,4.1933937,0.0,,,25.0,NCM920305_demo,CC_Cover5
120.01401251927018,0.0006879981820586324,4.1839008,7.644534773296781e-10,,,25.0,NCM920305_demo,CC_Cover5
120.05601252429187,0.0006879841316843841,4.1788192,8.790935973326367e-09,,,25.0,NCM920305_demo,CC_Cover5
120.13801253214478,0.0006879703586856805,4.1738167,2.4461373421880942e-08,,,25.0,NCM920305_demo,CC_Cover5
120.42801256291568,0.0006879747121155374,4.1688142,7.988156444496579e-08,,,25.0,NCM920305_demo,CC_Cover5
129.02601345977746,0.0006879708638841336,4.1637726,1.7229854824145001e-06,,,25.0,NCM920305_demo,CC_Cover5
189.02601971826516,0.0006879711073269783,4.159873,1.3189171800547101e-05,,,25.0,NCM920305_demo,CC_Cover5
249.02602597675286,0.0006879711173147288,4.158967,2.46553582851423e-05,,,25.0,NCM920305_demo,CC_Cover5
309.02603223524056,0.0006879727821497698,4.1583366,3.6121572516991005e-05,,,25.0,NCM920305_demo,CC_Cover5
369.02603849372827,0.0006879726861485521,4.1579037,4.75877851488192e-05,,,25.0,NCM920305_demo,CC_Cover5
429.02604475221597,0.0006879718033104745,4.1574702,5.9053983066678e-05,,,25.0,NCM920305_demo,CC_Cover5
489.02605101070367,0.0006879721182216481,4.1570764,7.052018623305691e-05,,,25.0,NCM920305_demo,CC_Cover5
549.0260572691914,0.0006879708835910332,4.1568398,8.19863688222567e-05,,,25.0,NCM920305_demo,CC_Cover5
609.0260635276791,0.0006879707562596308,4.1564856,9.345254928926621e-05,,,25.0,NCM920305_demo,CC_Cover5
669.0260697861668,0.0006879700959634184,4.1563277,0.00010491871875133781,,,25.0,NCM920305_demo,CC_Cover5
729.0260760446545,0.0006879708783895351,4.1559734,0.000116384901253846,,,25.0,NCM920305_demo,CC_Cover5
789.0260823031422,0.0006879712943822286,4.1556978,0.0001278510906895664,,,25.0,NCM920305_demo,CC_Cover5
849.0260885616299,0.0006879699804059189,4.1555009,0.00013931725822567939,,,25.0,NCM920305_demo,CC_Cover5
909.0260948201176,0.0006879684069090261,4.1550674,0.0001507833995368414,,,25.0,NCM920305_demo,CC_Cover5
969.0261010786053,0.0006879652519421265,4.1549492,0.0001622494882652163,,,25.0,NCM920305_demo,CC_Cover5
1029.026107337093,0.0006879668044720943,4.1545949,0.00017371560286909342,,,25.0,NCM920305_demo,CC_Cover5
1089.0261135955807,0.000687964768902162,4.1543584,0.0001851816835468014,,,25.0,NCM920305_demo,CC_Cover5
1149.0261198540684,0.0006879646672683059,4.1539645,0.00019664776253061159,,,25.0,NCM920305_demo,CC_Cover5
1209.026126112556,0.0006879656963682194,4.1535311,0.0002081138586660888,,,25.0,NCM920305_demo,CC_Cover5
1269.0261323710438,0.0006879642129319486,4.1530585,0.0002195799300776256,,,25.0,NCM920305_demo,CC_Cover5
1329.0261386295315,0.0006879644305743126,4.1526647,0.0002310460051165356,,,25.0,NCM920305_demo,CC_Cover5
1389.0261448880192,0.0006879654862857103,4.1519952,0.00024251209775063732,,,25.0,NCM920305_demo,CC_Cover5
1449.026151146507,0.0006879657620366364,4.1513648,0.00025397819498058823,,,25.0,NCM920305_demo,CC_Cover5
1509.0261574049946,0.0006879657280182824,4.1507344,0.0002654442916435665,,,25.0,NCM920305_demo,CC_Cover5
1569.0261636634823,0.0006879682316157576,4.1497498,0.0002769104300331738,,,25.0,NCM920305_demo,CC_Cover5
1629.02616992197,0.0006879678764754266,4.1488833,0.0002883765625037749,,,25.0,NCM920305_demo,CC_Cover5
1689.0261761804577,0.0006879685427440236,4.1479378,0.00029984270607885384,,,25.0,NCM920305_demo,CC_Cover5
1749.0261824389454,0.0006879696837039622,4.1467957,0.00031130886866993367,,,25.0,NCM920305_demo,CC_Cover5
1809.026188697433,0.00068796964735308,4.145535,0.0003227750306551654,,,25.0,NCM920305_demo,CC_Cover5
1869.0261949559208,0.0006879674234901075,4.1440778,0.0003342411555760105,,,25.0,NCM920305_demo,CC_Cover5
1929.0262012144085,0.0006879660791929182,4.1423445,0.0003457072580919,,,25.0,NCM920305_demo,CC_Cover5
1989.0262074728962,0.0006879663044865311,4.1406112,0.0003571733643626835,,,25.0,NCM920305_demo,CC_Cover5
2049.026213731384,0.000687966002863218,4.1386027,0.0003686394656064112,,,25.0,NCM920305_demo,CC_Cover5
2109.0262199898716,0.0006879661624625852,4.1362391,0.0003801055695101286,,,25.0,NCM920305_demo,CC_Cover5
2169.0262262483593,0.0006879677164151171,4.1338758,0.0003915716993130577,,,25.0,NCM920305_demo,CC_Cover5
2229.026232506847,0.0006879674833391252,4.1312366,0.00040303782523138645,,,25.0,NCM920305_demo,CC_Cover5
2289.0262387653347,0.0006879650076405944,4.1283216,0.0004145039098880687,,,25.0,NCM920305_demo,CC_Cover5
2349.0262450238224,0.0006879648354249123,4.1251707,0.0004259699916744893,,,25.0,NCM920305_demo,CC_Cover5
2409.02625128231,0.0006879657470043466,4.1219802,0.0004374360886539021,,,25.0,NCM920305_demo,CC_Cover5
2469.026257540798,0.0006879655369377321,4.1185532,0.0004489021821322043,,,25.0,NCM920305_demo,CC_Cover5
2529.0262637992855,0.0006879655775423988,4.1148505,0.000460368276287251,,,25.0,NCM920305_demo,CC_Cover5
2589.026270057773,0.0006879658046400454,4.1110296,0.00047183437422725885,,,25.0,NCM920305_demo,CC_Cover5
2649.026276316261,0.0006879659089739914,4.107091,0.00048330047390616587,,,25.0,NCM920305_demo,CC_Cover5
2709.0262825747486,0.0006879636286713869,4.1029549,0.0004947665355800257,,,25.0,NCM920305_demo,CC_Cover5
2769.0262888332363,0.0006879631757973298,4.0988188,0.0005062325897059837,,,25.0,NCM920305_demo,CC_Cover5
2829.026295091724,0.0006879643211680117,4.094368,0.0005176986629214551,,,25.0,NCM920305_demo,CC_Cover5
2889.0263013502117,0.0006879660232499913,4.0899167,0.0005291647645049624,,,25.0,NCM920305_demo,CC_Cover5
2949.0263076086994,0.0006879656090970944,4.0853872,0.0005406308591859207,,,25.0,NCM920305_demo,CC_Cover5
3009.026313867187,0.0006879644629376445,4.0808969,0.0005520969347642196,,,25.0,NCM920305_demo,CC_Cover5
3069.026320125675,0.0006879644439813827,4.0762091,0.0005635630100265806,,,25.0,NCM920305_demo,CC_Cover5
3129.0263263841625,0.0006879641789016736,4.0717583,0.0005750290808709461,,,25.0,NCM920305_demo,CC_Cover5
3189.0263326426502,0.0006879656570410788,4.0671496,0.000586495176350971,,,25.0,NCM920305_demo,CC_Cover5
3249.026338901138,0.0006879652730322344,4.0627379,0.0005979612654308477,,,25.0,NCM920305_demo,CC_Cover5
3309.0263451596256,0.0006879660804128265,4.0582476,0.0006094273679670691,,,25.0,NCM920305_demo,CC_Cover5
3369.0263514181133,0.0006879660069441491,4.0539145,0.0006208934692788124,,,25.0,NCM920305_demo,CC_Cover5
3429.026357676601,0.0006879647254901169,4.0497789,0.0006323595492329862,,,25.0,NCM920305_demo,CC_Cover5
3489.0263639350887,0.0006879645875828647,4.0456429,0.0006438256268887057,,,25.0,NCM920305_demo,CC_Cover5
3549.0263701935764,0.0006879650178310008,4.041625,0.0006552917117152281,,,25.0,NCM920305_demo,CC_Cover5
3609.026376452064,0.0006879667796706042,4.0378041,0.0006667578259057469,,,25.0,NCM920305_demo,CC_Cover5
3669.026382710552,0.0006879657843466526,4.0340228,0.0006782239235075316,,,25.0,NCM920305_demo,CC_Cover5
3729.0263889690395,0.0006879648430781479,4.0303993,0.0006896900054215062,,,25.0,NCM920305_demo,CC_Cover5
3789.0263952275272,0.0006879651383714482,4.026854,0.0007011560922570363,,,25.0,NCM920305_demo,CC_Cover5
3849.026401486015,0.0006879653563893215,4.0235057,0.000712622182726198,,,25.0,NCM920305_demo,CC_Cover5
3909.0264077445026,0.0006879658698316254,4.0201974,0.0007240882817527323,,,25.0,NCM920305_demo,CC_Cover5
3969.0264140029904,0.0006879651921547005,4.0170856,0.0007355543694846499,,,25.0,NCM920305_demo,CC_Cover5
4029.026420261478,0.000687966553147149,4.0140524,0.0007470204798997775,,,25.0,NCM920305_demo,CC_Cover5
4089.0264265199658,0.0006879673500830215,4.0109406,0.0007584866035971709,,,25.0,NCM920305_demo,CC_Cover5
4149.026432778453,0.0006879658200180421,4.0080652,0.0007699527017934788,,,25.0,NCM920305_demo,CC_Cover5
4209.026439036941,0.0006879643055595437,4.0051899,0.0007814187747488089,,,25.0,NCM920305_demo,CC_Cover5
4269.026445295429,0.0006879659844751872,4.0024719,0.0007928848756860694,,,25.0,NCM920305_demo,CC_Cover5
4329.026451553917,0.0006879655828571457,3.9998329,0.0008043509699296953,,,25.0,NCM920305_demo,CC_Cover5
4389.026457812404,0.0006879660180027963,3.9972725,0.0008158170714257494,,,25.0,NCM920305_demo,CC_Cover5
4449.026464070892,0.0006879659406916064,3.9948304,0.0008272831716332835,,,25.0,NCM920305_demo,CC_Cover5
4509.02647032938,0.0006879657322978955,3.9924669,0.0008387492683675886,,,25.0,NCM920305_demo,CC_Cover5
4569.026476587867,0.0006879659076765972,3.9900641,0.0008502153680248725,,,25.0,NCM920305_demo,CC_Cover5
4629.026482846355,0.0006879661631261834,3.9875433,0.00086168147193965,,,25.0,NCM920305_demo,CC_Cover5
4689.026489104843,0.000687967073757904,3.9852192,0.0008731475910316244,,,25.0,NCM920305_demo,CC_Cover5
4749.0264953633305,0.0006879673145368019,3.9830134,0.0008846137141365807,,,25.0,NCM920305_demo,CC_Cover5
4809.026501621818,0.0006879667311405075,3.9806499,0.0008960798275182646,,,25.0,NCM920305_demo,CC_Cover5
4869.026507880306,0.0006879657968636269,3.9783261,0.0009075459253286654,,,25.0,NCM920305_demo,CC_Cover5
4929.026514138794,0.0006879662103191494,3.9760416,0.0009190120300299925,,,25.0,NCM920305_demo,CC_Cover5
4989.026520397281,0.0006879685092144276,3.9738357,0.0009304781730462446,,,25.0,NCM920305_demo,CC_Cover5
5049.026526655769,0.0006879681882295412,3.9714723,0.0009419443107127482,,,25.0,NCM920305_demo,CC_Cover5
5109.026532914257,0.0006879681107653661,3.9691877,0.000953410447088182,,,25.0,NCM920305_demo,CC_Cover5
5169.026539172744,0.0006879683516455919,3.9668636,0.0009648765874782868,,,25.0,NCM920305_demo,CC_Cover5
5229.026545431232,0.000687967392112239,3.9644215,0.0009763427118761674,,,25.0,NCM920305_demo,CC_Cover5
5289.02655168972,0.0006879664388353864,3.9619794,0.0009878088203860989,,,25.0,NCM920305_demo,CC_Cover5
5349.0265579482075,0.0006879687146934718,3.959419,0.000999274966827002,,,25.0,NCM920305_demo,CC_Cover5
5409.026564206695,0.0006879748208986161,3.9570162,0.001010741215038002,,,25.0,NCM920305_demo,CC_Cover5
5469.026570465183,0.0006879745938327587,3.9544954,0.0010222074594645701,,,25.0,NCM920305_demo,CC_Cover5
5529.026576723671,0.0006879737206824217,3.9519744,0.001033673689338631,,,25.0,NCM920305_demo,CC_Cover5
5589.026582982158,0.0006879702001185506,3.9492564,0.001045139860536622,,,25.0,NCM920305_demo,CC_Cover5
5649.026589240646,0.000687971253187476,3.9466567,0.001056606049285763,,,25.0,NCM920305_demo,CC_Cover5
5709.026595499134,0.0006879716752816976,3.9440176,0.001068072245069809,,,25.0,NCM920305_demo,CC_Cover5
5769.026601757621,0.0006879708014776964,3.9411817,0.0010795384262904531,,,25.0,NCM920305_demo,CC_Cover5
5829.026608016109,0.000687970587596385,3.9383061,0.001091004603946408,,,25.0,NCM920305_demo,CC_Cover5
5889.026614274597,0.0006879703683168802,3.9356277,0.001102470777947705,,,25.0,NCM920305_demo,CC_Cover5
5949.0266205330845,0.000687971684405181,3.9326735,0.001113936973883808,,,25.0,NCM920305_demo,CC_Cover5
6009.026626791572,0.0006879742879020172,3.9298375,0.00112540321321153,,,25.0,NCM920305_demo,CC_Cover5
6069.02663305006,0.0006879736191518804,3.9268439,0.001136869441393416,,,25.0,NCM920305_demo,CC_Cover5
6129.026639308548,0.0006879729678420607,3.9238107,0.001148335658720136,,,25.0,NCM920305_demo,CC_Cover5
6189.026645567035,0.0006879725522606394,3.9208171,0.0011598018691204991,,,25.0,NCM920305_demo,CC_Cover5
6249.026651825523,0.000687972005415896,3.9176266,0.001171268070406782,,,25.0,NCM920305_demo,CC_Cover5
6309.026658084011,0.0006879714843581061,3.9144754,0.001182734263008767,,,25.0,NCM920305_demo,CC_Cover5
6369.026664342498,0.0006879708723555589,3.9113243,0.0011942004454107088,,,25.0,NCM920305_demo,CC_Cover5
6429.026670600986,0.000687972454477243,3.9082124,0.001205666654181349,,,25.0,NCM920305_demo,CC_Cover5
6489.026676859474,0.0006879692687523632,3.9049826,0.001217132809856568,,,25.0,NCM920305_demo,CC_Cover5
6549.0266831179615,0.0006879700881571976,3.9017131,0.0012285989791885358,,,25.0,NCM920305_demo,CC_Cover5
6609.026689376449,0.0006879712466667286,3.8984044,0.001240065167828998,,,25.0,NCM920305_demo,CC_Cover5
6669.026695634937,0.0006879685960186495,3.8950169,0.0012515313122919871,,,25.0,NCM920305_demo,CC_Cover5
6729.026701893425,0.0006879669561460313,3.8917475,0.001262997429423764,,,25.0,NCM920305_demo,CC_Cover5
6789.026708151912,0.0006879682130131499,3.8883994,0.0012744635675033269,,,25.0,NCM920305_demo,CC_Cover5
6849.0267144104,0.000687969620703846,3.8850119,0.001285929729044405,,,25.0,NCM920305_demo,CC_Cover5
6909.026720668888,0.0006879692196222464,3.8815851,0.0012973958839007892,,,25.0,NCM920305_demo,CC_Cover5
6969.026726927375,0.0006879706251135312,3.8781581,0.00130886206218203,,,25.0,NCM920305_demo,CC_Cover5
7029.026733185863,0.0006879709217002524,3.8747706,0.0013203282454063829,,,25.0,NCM920305_demo,CC_Cover5
7089.026739444351,0.0006879685230228356,3.8715012,0.001331794388652776,,,25.0,NCM920305_demo,CC_Cover5
7149.0267457028385,0.0006879674345586889,3.8680351,0.001343260513758097,,,25.0,NCM920305_demo,CC_Cover5
7209.026751961326,0.0006879659204002005,3.8645294,0.001354726613627441,,,25.0,NCM920305_demo,CC_Cover5
7269.026758219814,0.0006879643223978541,3.8611813,0.0013661926868634101,,,25.0,NCM920305_demo,CC_Cover5
7329.026764478302,0.0006879653656379746,3.8577936,0.001377658777486716,,,25.0,NCM920305_demo,CC_Cover5
7389.026770736789,0.0006879653931733307,3.8543668,0.0013891248685689451,,,25.0,NCM920305_demo,CC_Cover5
7449.026776995277,0.0006879636724947039,3.8510973,0.001400590930973193,,,25.0,NCM920305_demo,CC_Cover5
7509.026783253765,0.000687965327467164,3.8476706,0.001412057020960319,,,25.0,NCM920305_demo,CC_Cover5
7569.026789512252,0.0006879648960785925,3.8444407,0.0014235231037576339,,,25.0,NCM920305_demo,CC_Cover5
7629.02679577074,0.0006879650229470656,3.8412106,0.001434989188669424,,,25.0,NCM920305_demo,CC_Cover5
7689.026802029228,0.0006879651700850895,3.8379018,0.001446455276033515,,,25.0,NCM920305_demo,CC_Cover5
7749.0268082877155,0.0006879663266793248,3.834672,0.001457921382674179,,,25.0,NCM920305_demo,CC_Cover5
7809.026814546203,0.0006879641598520311,3.8315208,0.00146938745320105,,,25.0,NCM920305_demo,CC_Cover5
7869.026820804691,0.0006879642739293489,3.8284483,0.00148085352562921,,,25.0,NCM920305_demo,CC_Cover5
7929.026827063179,0.0006879655485626235,3.825376,0.0014923196193012609,,,25.0,NCM920305_demo,CC_Cover5
7989.026833321666,0.0006879657863573159,3.8224218,0.001503785716936556,,,25.0,NCM920305_demo,CC_Cover5
8049.026839580154,0.0006879649140235624,3.8194282,0.001515251800032954,,,25.0,NCM920305_demo,CC_Cover5
8109.026845838642,0.0006879661895548802,3.8165133,0.00152671790438821,,,25.0,NCM920305_demo,CC_Cover5
8169.026852097129,0.0006879662880515453,3.8135984,0.001538184010385077,,,25.0,NCM920305_demo,CC_Cover5
8229.026858355617,0.0006879672556315245,3.8108017,0.001549650132508279,,,25.0,NCM920305_demo,CC_Cover5
8289.026864614105,0.000687968462673139,3.8081234,0.001561116274748843,,,25.0,NCM920305_demo,CC_Cover5
8349.026870872593,0.0006879692367446721,3.8053267,0.001572582429890601,,,25.0,NCM920305_demo,CC_Cover5
8409.02687713108,0.0006879696967732726,3.802727,0.0015840485926995021,,,25.0,NCM920305_demo,CC_Cover5
8469.026883389568,0.0006879699953488016,3.8000484,0.001595514760484663,,,25.0,NCM920305_demo,CC_Cover5
8529.026889648056,0.0006879704463433257,3.7975669,0.001606980935786401,,,25.0,NCM920305_demo,CC_Cover5
8589.026895906543,0.000687969525441726,3.7950065,0.0016184470957397762,,,25.0,NCM920305_demo,CC_Cover5
8649.026902165031,0.0006879716897338356,3.7925644,0.0016299132917646912,,,25.0,NCM920305_demo,CC_Cover5
8709.026908423519,0.0006879727911639779,3.7901616,0.001641379506146776,,,25.0,NCM920305_demo,CC_Cover5
8769.026914682006,0.0006879717862774555,3.7878771,0.001652845703780752,,,25.0,NCM920305_demo,CC_Cover5
8829.026920940494,0.0006879710156292155,3.7854743,0.0016643118885705881,,,25.0,NCM920305_demo,CC_Cover5
8889.026927198982,0.0006879721596925688,3.7830715,0.0016757780924281488,,,25.0,NCM920305_demo,CC_Cover5
8949.02693345747,0.0006879699371846085,3.780905,0.001687244259243907,,,25.0,NCM920305_demo,CC_Cover5
9009.026939715957,0.0006879694118114429,3.7785416,0.001698710417303444,,,25.0,NCM920305_demo,CC_Cover5
9069.026945974445,0.0006879692502947934,3.7763753,0.001710176572671037,,,25.0,NCM920305_demo,CC_Cover5
9129.026952232933,0.0006879693940293925,3.7742875,0.001721642730434207,,,25.0,NCM920305_demo,CC_Cover5
9189.02695849142,0.0006879706283222476,3.7721999,0.0017331089087689272,,,25.0,NCM920305_demo,CC_Cover5
9249.026964749908,0.0006879705520839414,3.7700729,0.001744575085833008,,,25.0,NCM920305_demo,CC_Cover5
9309.026971008396,0.0006879709467779106,3.7678671,0.0017560412694753221,,,25.0,NCM920305_demo,CC_Cover5
9369.026977266883,0.0006879694618992077,3.7659369,0.001767507428369656,,,25.0,NCM920305_demo,CC_Cover5
9429.026983525371,0.000687963914727955,3.7638886,0.0017789734948111251,,,25.0,NCM920305_demo,CC_Cover5
9489.026989783859,0.0006879633259533354,3.7619586,0.001790439551439684,,,25.0,NCM920305_demo,CC_Cover5
9549.026996042347,0.0006879637180167532,3.7600679,0.0018019056146026332,,,25.0,NCM920305_demo,CC_Cover5
9609.027002300834,0.0006879618261238022,3.7580197,0.0018133716462340299,,,25.0,NCM920305_demo,CC_Cover5
9669.027008559322,0.0006879622651616357,3.756129,0.0018248376851827252,,,25.0,NCM920305_demo,CC_Cover5
9729.02701481781,0.0006879613586962793,3.7541201,0.0018363037090236621,,,25.0,NCM920305_demo,CC_Cover5
9789.027021076297,0.0006879620524823512,3.7523081,0.001847769744427702,,,25.0,NCM920305_demo,CC_Cover5
9849.027027334785,0.0006879627436994631,3.7503781,0.001859235791352028,,,25.0,NCM920305_demo,CC_Cover5
9909.027033593273,0.0006879609064580053,3.7484086,0.00187070180765566,,,25.0,NCM920305_demo,CC_Cover5
9969.02703985176,0.0006879625828623064,3.7466755,0.001882167851899367,,,25.0,NCM920305_demo,CC_Cover5
10029.027046110248,0.0006879625954110698,3.7446666,0.001893633896352219,,,25.0,NCM920305_demo,CC_Cover5
10089.027052368736,0.0006879692825150741,3.7428939,0.001905100052256817,,,25.0,NCM920305_demo,CC_Cover5
10149.027058627224,0.0006879693094047135,3.7411215,0.001916566208609575,,,25.0,NCM920305_demo,CC_Cover5
10209.027064885711,0.0006879674425715393,3.7392702,0.001928032333848444,,,25.0,NCM920305_demo,CC_Cover5
10269.027071144199,0.0006879676165078086,3.7373796,0.0019394984619862511,,,25.0,NCM920305_demo,CC_Cover5
10329.027077402687,0.000687968405474541,3.7354887,0.001950964603273505,,,25.0,NCM920305_demo,CC_Cover5
10389.027083661174,0.0006879673669829234,3.733598,0.001962430727252564,,,25.0,NCM920305_demo,CC_Cover5
10449.027089919662,0.0006879666200315008,3.7318256,0.001973896838782431,,,25.0,NCM920305_demo,CC_Cover5
10509.02709617815,0.0006879669325167657,3.7299347,0.001985362955520386,,,25.0,NCM920305_demo,CC_Cover5
10569.027102436638,0.0006879661848063773,3.7281229,0.0019968290597965,,,25.0,NCM920305_demo,CC_Cover5
10629.027108695125,0.0006879669727061867,3.7261927,0.0020082951772042792,,,25.0,NCM920305_demo,CC_Cover5
10689.027114953613,0.00068796600755609,3.7243414,0.0020197612785262213,,,25.0,NCM920305_demo,CC_Cover5
10749.0271212121,0.0006879666861966232,3.722569,0.0020312273911588397,,,25.0,NCM920305_demo,CC_Cover5
10809.027127470588,0.0006879671054000198,3.720757,0.002042693510778183,,,25.0,NCM920305_demo,CC_Cover5
10869.027133729076,0.000687969112401449,3.718827,0.002054159663847554,,,25.0,NCM920305_demo,CC_Cover5
10929.027139987564,0.0006879694382619948,3.7169757,0.002065625822347934,,,25.0,NCM920305_demo,CC_Cover5
10989.027146246051,0.0006879705028564703,3.7151637,0.0020770919985915568,,,25.0,NCM920305_demo,CC_Cover5
11049.02715250454,0.0006879683300369237,3.7131941,0.002088558138621517,,,25.0,NCM920305_demo,CC_Cover5
11109.027158763027,0.0006879664193406959,3.7112248,0.002100024246806536,,,25.0,NCM920305_demo,CC_Cover5
11169.027165021515,0.0006879677024974338,3.7094522,0.002111490376377504,,,25.0,NCM920305_demo,CC_Cover5
11229.027171280002,0.0006879651975449466,3.7074432,0.002122956464199259,,,25.0,NCM920305_demo,CC_Cover5
11289.02717753849,0.000687965171992438,3.7055132,0.0021344225515951393,,,25.0,NCM920305_demo,CC_Cover5
11349.027183796978,0.0006879651418126228,3.7035832,0.002145888638488022,,,25.0,NCM920305_demo,CC_Cover5
11409.027190055465,0.0006879635374921844,3.7016923,0.002157354698642228,,,25.0,NCM920305_demo,CC_Cover5
11469.027196313953,0.0006879637427010209,3.699723,0.002168820762216582,,,25.0,NCM920305_demo,CC_Cover5
11529.02720257244,0.0006879652349587781,3.6977928,0.002180286850661901,,,25.0,NCM920305_demo,CC_Cover5
11589.027208830928,0.0006879649172998306,3.6958234,0.002191752933812904,,,25.0,NCM920305_demo,CC_Cover5
11649.027215089416,0.0006879648607012527,3.6938145,0.0022032190160205974,,,25.0,NCM920305_demo,CC_Cover5
11709.027221347904,0.0006879629392145985,3.6919239,0.0022146850662035093,,,25.0,NCM920305_demo,CC_Cover5
11769.027227606392,0.0006879633700726888,3.6899936,0.00222615112356739,,,25.0,NCM920305_demo,CC_Cover5
11829.02723386488,0.0006879659937754976,3.687906,0.002237617224659656,,,25.0,NCM920305_demo,CC_Cover5
11889.027240123367,0.0006879651627278903,3.686094,0.002249083311901126,,,25.0,NCM920305_demo,CC_Cover5
11949.027246381855,0.0006879635833738483,3.684164,0.002260549372820027,,,25.0,NCM920305_demo,CC_Cover5
12009.027252640342,0.0006879636168915234,3.6820369,0.002272015434297556,,,25.0,NCM920305_demo,CC_Cover5
12069.02725889883,0.0006879658592696833,3.6800675,0.002283481533148058,,,25.0,NCM920305_demo,CC_Cover5
12129.027265157318,0.0006879657120998703,3.6780586,0.002294947629545729,,,25.0,NCM920305_demo,CC_Cover5
12189.027271415805,0.0006879661100661342,3.676089,0.002306413732576173,,,25.0,NCM920305_demo,CC_Cover5
12249.027277674293,0.0006879652354435626,3.6740015,0.0023178798210295713,,,25.0,NCM920305_demo,CC_Cover5
12309.02728393278,0.0006879662973141062,3.6720319,0.002329345927180814,,,25.0,NCM920305_demo,CC_Cover5
12369.027290191269,0.0006879643085675912,3.6699443,0.0023408120001862792,,,25.0,NCM920305_demo,CC_Cover5
12429.027296449756,0.0006879645982342137,3.667896,0.002352278078019521,,,25.0,NCM920305_demo,CC_Cover5
12489.027302708244,0.0006879649840689468,3.6659267,0.002363744162283342,,,25.0,NCM920305_demo,CC_Cover5
12549.027308966732,0.0006879662490720986,3.6638389,0.002375210267630552,,,25.0,NCM920305_demo,CC_Cover5
12609.02731522522,0.0006879668536777103,3.6617513,0.002386676383054522,,,25.0,NCM920305_demo,CC_Cover5
12669.027321483707,0.0006879664486840596,3.6598213,0.0023981424917285978,,,25.0,NCM920305_demo,CC_Cover5
12729.027327742195,0.0006879650815006757,3.6576154,0.0024096085776162818,,,25.0,NCM920305_demo,CC_Cover5
12789.027334000682,0.0006879646013555099,3.6556065,0.002421074655501545,,,25.0,NCM920305_demo,CC_Cover5
12849.02734025917,0.0006879665826792606,3.6535976,0.002432540766408875,,,25.0,NCM920305_demo,CC_Cover5
12909.027346517658,0.0006879670702630853,3.6515493,0.002444006885442602,,,25.0,NCM920305_demo,CC_Cover5
12969.027352776146,0.0006879664630587114,3.6494224,0.002455472994356256,,,25.0,NCM920305_demo,CC_Cover5
13029.027359034633,0.0006879673137222053,3.6472166,0.0024669391174476363,,,25.0,NCM920305_demo,CC_Cover5
13089.027365293121,0.0006879675889466238,3.645129,0.00247840524512609,,,25.0,NCM920305_demo,CC_Cover5
13149.027371551609,0.0006879675454392112,3.6429625,0.00248987137207942,,,25.0,NCM920305_demo,CC_Cover5
13209.027377810096,0.0006879661737199146,3.6407173,0.00250133747617076,,,25.0,NCM920305_demo,CC_Cover5
13269.027384068584,0.0006879658678646723,3.6385901,0.002512803575164511,,,25.0,NCM920305_demo,CC_Cover5
13329.027390327072,0.0006879656569218697,3.6363842,0.002524269670642549,,,25.0,NCM920305_demo,CC_Cover5
13389.02739658556,0.0006879671438768008,3.634021,0.0025357357909031723,,,25.0,NCM920305_demo,CC_Cover5
13449.027402844047,0.0006879669838562276,3.6316969,0.0025472019084967854,,,25.0,NCM920305_demo,CC_Cover5
13509.027409102535,0.0006879650884267348,3.6293335,0.002558667994499903,,,25.0,NCM920305_demo,CC_Cover5
13569.027415361023,0.0006879652211682516,3.6270096,0.0025701340827153796,,,25.0,NCM920305_demo,CC_Cover5
13629.02742161951,0.0006879652605629441,3.6245282,0.0025816001715874347,,,25.0,NCM920305_demo,CC_Cover5
13689.027427877998,0.0006879663758372571,3.6219678,0.002593066279047398,,,25.0,NCM920305_demo,CC_Cover5
13749.027434136486,0.0006879663423672656,3.6193285,0.002604532385949526,,,25.0,NCM920305_demo,CC_Cover5
13809.027440394973,0.000687967920994131,3.6167684,0.002615998519162106,,,25.0,NCM920305_demo,CC_Cover5
13869.027446653461,0.0006879674070849243,3.6139717,0.002627464643809531,,,25.0,NCM920305_demo,CC_Cover5
13929.027452911949,0.0006879681100461368,3.6112144,0.002638930780172978,,,25.0,NCM920305_demo,CC_Cover5
13989.027459170436,0.00068796865093439,3.6081419,0.00265039692555123,,,25.0,NCM920305_demo,CC_Cover5
14049.027465428924,0.0006879675548309154,3.6052666,0.002661863052661089,,,25.0,NCM920305_demo,CC_Cover5
14109.027471687412,0.0006879685964954867,3.6019185,0.0026733291971320254,,,25.0,NCM920305_demo,CC_Cover5
14169.0274779459,0.0006879703949323381,3.5986884,0.002684795371576913,,,25.0,NCM920305_demo,CC_Cover5
14229.027484204387,0.0006879683872156535,3.5951433,0.0026962615125598523,,,25.0,NCM920305_demo,CC_Cover5
14289.027490462875,0.0006879680235896085,3.5912831,0.002707727647482356,,,25.0,NCM920305_demo,CC_Cover5
14349.027496721363,0.0006879672318095373,3.5875411,0.002719193769208525,,,25.0,NCM920305_demo,CC_Cover5
14409.02750297985,0.0006879668831462437,3.583287,0.0027306598851236383,,,25.0,NCM920305_demo,CC_Cover5
14469.027509238338,0.0006879659137185207,3.5787966,0.00274212598488162,,,25.0,NCM920305_demo,CC_Cover5
14529.027515496826,0.000687965664843326,3.573873,0.002753592080491682,,,25.0,NCM920305_demo,CC_Cover5
14585.197521355003,0.0006879665037098408,3.5688705,0.0027643262700871303,,,25.0,NCM920305_demo,CC_Cover5
14637.471526808105,0.0006879680207439872,3.5638285,0.002774315948994889,,,25.0,NCM920305_demo,CC_Cover5
14685.325531799346,0.0006879670207789572,3.558826,0.002783460942674379,,,25.0,NCM920305_demo,CC_Cover5
14729.10753636714,0.0006879670722610184,3.5538237,0.002791827769757774,,,25.0,NCM920305_demo,CC_Cover5
14769.327540561557,0.0006879661379101632,3.5487816,0.002799513881133431,,,25.0,NCM920305_demo,CC_Cover5
14807.241544516757,0.0006879661412332312,3.5437791,0.002806759311966698,,,25.0,NCM920305_demo,CC_Cover5
14841.405548080103,0.0006879672119069825,3.5387766,0.002813288121488658,,,25.0,NCM920305_demo,CC_Cover5
14872.715551346075,0.0006879668327910149,3.5337741,0.002819271522539093,,,25.0,NCM920305_demo,CC_Cover5
14901.889554388821,0.0006879683708143315,3.5287323,0.002824846742356718,,,25.0,NCM920305_demo,CC_Cover5
14929.655557285296,0.000687968716033533,3.5237298,0.0028301528927350715,,,25.0,NCM920305_demo,CC_Cover5
14955.26755995676,0.0006879687159379322,3.5187273,0.00283504740845465,,,25.0,NCM920305_demo,CC_Cover5
14979.105562443845,0.0006879659426495233,3.5137248,0.002839602890080181,,,25.0,NCM920305_demo,CC_Cover5
15001.595564789139,0.0006879674885054578,3.5087225,0.002843900776310729,,,25.0,NCM920305_demo,CC_Cover5
15022.543566974811,0.000687967114574739,3.5036805,0.002847903980927335,,,25.0,NCM920305_demo,CC_Cover5
15042.607569067739,0.0006879674854646867,3.498678,0.002851738253446288,,,25.0,NCM920305_demo,CC_Cover5
15061.529571041,0.0006879684018070882,3.4936755,0.002855354292184214,,,25.0,NCM920305_demo,CC_Cover5
15079.147572878748,0.0006879668505633479,3.488673,0.002858721125861308,,,25.0,NCM920305_demo,CC_Cover5
15095.92157462798,0.000687968160748874,3.4836311,0.002861926675620146,,,25.0,NCM920305_demo,CC_Cover5
15112.019576307386,0.0006879681321696872,3.4786286,0.002865003040105436,,,25.0,NCM920305_demo,CC_Cover5
15127.123577881604,0.0006879678239765,3.4736261,0.002867889447632201,,,25.0,NCM920305_demo,CC_Cover5
15141.70357940346,0.0006879664989757904,3.4685843,0.002870675712243882,,,25.0,NCM920305_demo,CC_Cover5
15155.503580842167,0.0006879678036949649,3.4635818,0.0028733129224329857,,,25.0,NCM920305_demo,CC_Cover5
15168.739582223818,0.0006879661450178755,3.4585793,0.002875842344890204,,,25.0,NCM920305_demo,CC_Cover5
15181.319583535194,0.0006879668866596301,3.4535768,0.00287824640720586,,,25.0,NCM920305_demo,CC_Cover5
15193.61158481799,0.0006879667267894424,3.4485743,0.0028805954316192543,,,25.0,NCM920305_demo,CC_Cover5
15205.363586043939,0.0006879672467033505,3.4435718,0.002882841262709996,,,25.0,NCM920305_demo,CC_Cover5
15216.949587251991,0.0006879662253628682,3.4385693,0.002885055367576149,,,25.0,NCM920305_demo,CC_Cover5
15227.695588372648,0.00068796727670399,3.433567,0.002887108950111271,,,25.0,NCM920305_demo,CC_Cover5
15238.097589458339,0.0006879680560723646,3.4285645,0.002889096795796322,,,25.0,NCM920305_demo,CC_Cover5
15248.343590527074,0.0006879671012198206,3.423562,0.00289105482681142,,,25.0,NCM920305_demo,CC_Cover5
15258.301591565832,0.0006879673368342715,3.4185596,0.002892957821104428,,,25.0,NCM920305_demo,CC_Cover5
15267.76759255305,0.0006879655653279751,3.4135571,0.002894766788526808,,,25.0,NCM920305_demo,CC_Cover5
15276.98359351419,0.0006879670003504087,3.4085546,0.00289652798423138,,,25.0,NCM920305_demo,CC_Cover5
15285.84359443863,0.0006879666663047657,3.4035521,0.002898221146814559,,,25.0,NCM920305_demo,CC_Cover5
15294.633595354855,0.0006879686150042265,3.3985496,0.002899900937024621,,,25.0,NCM920305_demo,CC_Cover5
15303.013596229255,0.0006879682247671858,3.3935471,0.002901502374337151,,,25.0,NCM920305_demo,CC_Cover5
15311.069597069174,0.0006879665985771439,3.3885446,0.0029030418908638097,,,25.0,NCM920305_demo,CC_Cover5
15319.027597900247,0.0006879670448866089,3.3835421,0.002904562680395743,,,25.0,NCM920305_demo,CC_Cover5
15326.86959871836,0.0006879690306004075,3.3785002,0.002906061306423744,,,25.0,NCM920305_demo,CC_Cover5
15334.393599502742,0.0006879669388779096,3.3734977,0.002907499157475896,,,25.0,NCM920305_demo,CC_Cover5
15341.729600268416,0.0006879683920871408,3.3684952,0.0029089010843234273,,,25.0,NCM920305_demo,CC_Cover5
15348.957601021975,0.0006879687423911651,3.3634927,0.002910282372820213,,,25.0,NCM920305_demo,CC_Cover5
15355.877601742744,0.0006879723768245798,3.3584902,0.0029116048087489623,,,25.0,NCM920305_demo,CC_Cover5
15362.671602452174,0.0006879729876980551,3.3534877,0.0029129031667952093,,,25.0,NCM920305_demo,CC_Cover5
15369.33160314709,0.0006879740760050938,3.3484459,0.0029141759189686193,,,25.0,NCM920305_demo,CC_Cover5
15375.85960382782,0.0006879714467622093,3.3433645,0.002915423440655504,,,25.0,NCM920305_demo,CC_Cover5
15382.289604499005,0.0006879732135016258,3.3383622,0.002916652237384552,,,25.0,NCM920305_demo,CC_Cover5
15388.421605138108,0.000687973604561619,3.3333597,0.002917824085879791,,,25.0,NCM920305_demo,CC_Cover5
15394.433605765924,0.0006879734996111403,3.3283572,0.002918973001744119,,,25.0,NCM920305_demo,CC_Cover5
15400.289606376551,0.0006879742671757126,3.3233547,0.002920092106668752,,,25.0,NCM920305_demo,CC_Cover5
15406.155606988119,0.0006879729523611405,3.3183522,0.002921213120490778,,,25.0,NCM920305_demo,CC_Cover5
15411.745607571676,0.0006879725574639506,3.3133497,0.0029222813891012483,,,25.0,NCM920305_demo,CC_Cover5
15417.301608150825,0.0006879729319952371,3.3083079,0.002923343160770305,,,25.0,NCM920305_demo,CC_Cover5
15422.831608727574,0.0006879748357677062,3.3033054,0.002924399966669912,,,25.0,NCM920305_demo,CC_Cover5
15428.157609282993,0.000687973681326196,3.2983029,0.002925417785616816,,,25.0,NCM920305_demo,CC_Cover5
15433.27760981745,0.0006879737948199325,3.2933004,0.002926396237338253,,,25.0,NCM920305_demo,CC_Cover5
15438.369610348716,0.000687974573562665,3.2882979,0.002927369339253275,,,25.0,NCM920305_demo,CC_Cover5
15443.341610867064,0.0006879732341831065,3.2832954,0.00292831950683021,,,25.0,NCM920305_demo,CC_Cover5
15448.171611370519,0.0006879765363825921,3.2782929,0.002929242542112736,,,25.0,NCM920305_demo,CC_Cover5
15452.945611868054,0.0006879724046567012,3.2732904,0.00293015487005777,,,25.0,NCM920305_demo,CC_Cover5
15457.647612359375,0.000687974304594975,3.2682879,0.0029310534410350543,,,25.0,NCM920305_demo,CC_Cover5
15462.195612832904,0.0006879760150960608,3.2632854,0.002931922584157952,,,25.0,NCM920305_demo,CC_Cover5
15466.689613301307,0.0006879737060649191,3.2582436,0.002932781404757203,,,25.0,NCM920305_demo,CC_Cover5
15471.135613765568,0.00068797557743506,3.2532017,0.002933631054684058,,,25.0,NCM920305_demo,CC_Cover5
15475.4776142193,0.0006879718419389254,3.2481992,0.002934460825253462,,,25.0,NCM920305_demo,CC_Cover5
15479.713614661014,0.0006879751989255165,3.2431967,0.0029352703428219442,,,25.0,NCM920305_demo,CC_Cover5
15483.84961509239,0.0006879744994187127,3.2381942,0.002936060749162603,,,25.0,NCM920305_demo,CC_Cover5
15487.871615512297,0.000687974238432851,3.2331917,0.0029368293693503417,,,25.0,NCM920305_demo,CC_Cover5
15491.86161592789,0.0006879745200925852,3.2281892,0.002937591874522866,,,25.0,NCM920305_demo,CC_Cover5
15495.777616336709,0.000687972271943264,3.2231867,0.00293834023555014,,,25.0,NCM920305_demo,CC_Cover5
15499.571616731584,0.0006879722479500824,3.2181842,0.0029390652819335813,,,25.0,NCM920305_demo,CC_Cover5
15503.29561712034,0.000687971940212088,3.2131817,0.002939776950759359,,,25.0,NCM920305_demo,CC_Cover5
15506.989617506042,0.0006879713314274277,3.2081792,0.002940482885860372,,,25.0,NCM920305_demo,CC_Cover5
15510.56561787799,0.0006879708626407942,3.2031374,0.0029411662703216763,,,25.0,NCM920305_demo,CC_Cover5
15514.077618245035,0.0006879732244151343,3.1981349,0.0029418374264929712,,,25.0,NCM920305_demo,CC_Cover5
15517.55561860837,0.0006879729572743786,3.1931324,0.002942502084880573,,,25.0,NCM920305_demo,CC_Cover5
15520.893618956208,0.0006879722174440717,3.1881299,0.0029431399880753308,,,25.0,NCM920305_demo,CC_Cover5
15524.255619306117,0.0006879734921577999,3.1831274,0.002943782478942377,,,25.0,NCM920305_demo,CC_Cover5
15527.587619654834,0.0006879711776332235,3.1780856,0.002944419234554538,,,25.0,NCM920305_demo,CC_Cover5
15530.845619994216,0.000687970949960593,3.1730831,0.002945041848329109,,,25.0,NCM920305_demo,CC_Cover5
15533.985620321706,0.0006879695621272796,3.1680412,0.002945641910731993,,,25.0,NCM920305_demo,CC_Cover5
15537.099620646797,0.0006879722313636196,3.1629994,0.002946237006774249,,,25.0,NCM920305_demo,CC_Cover5
15540.207620970905,0.0006879732088128971,3.1579573,0.0029468309570397947,,,25.0,NCM920305_demo,CC_Cover5
15543.231621286832,0.0006879724613314576,3.1529548,0.002947408853967688,,,25.0,NCM920305_demo,CC_Cover5
15546.225621598773,0.0006879740323851545,3.1479526,0.002947981019097568,,,25.0,NCM920305_demo,CC_Cover5
15549.081621896476,0.0006879718294463969,3.1429501,0.0029485268101391553,,,25.0,NCM920305_demo,CC_Cover5
15551.949622195214,0.0006879739175255729,3.1379476,0.0029490748960838728,,,25.0,NCM920305_demo,CC_Cover5
15554.741622487083,0.0006879729032339008,3.1329451,0.0029496084573468247,,,25.0,NCM920305_demo,CC_Cover5
15557.489622773603,0.0006879722110074156,3.1279426,0.002950133609522649,,,25.0,NCM920305_demo,CC_Cover5
15560.213623057818,0.0006879726629405525,3.1229401,0.002950654175558589,,,25.0,NCM920305_demo,CC_Cover5
15562.847623332404,0.0006879735525362298,3.1179376,0.002951157542927002,,,25.0,NCM920305_demo,CC_Cover5
15565.5276236122,0.0006879713016773386,3.1129351,0.002951669699393944,,,25.0,NCM920305_demo,CC_Cover5
15568.097623880021,0.0006879697515518845,3.1079326,0.0029521608334066494,,,25.0,NCM920305_demo,CC_Cover5
15570.645624145865,0.0006879721803127614,3.1029301,0.002952647764878408,,,25.0,NCM920305_demo,CC_Cover5
15573.163624408655,0.0006879709157236952,3.0979276,0.00295312896236357,,,25.0,NCM920305_demo,CC_Cover5
15575.647624667734,0.0006879739036603114,3.0929251,0.002953603664406606,,,25.0,NCM920305_demo,CC_Cover5
15578.103624924086,0.0006879718950477911,3.0879226,0.0029540730141706622,,,25.0,NCM920305_demo,CC_Cover5
15580.541625178419,0.0006879720398992302,3.0829201,0.002954538924172953,,,25.0,NCM920305_demo,CC_Cover5
15582.907625424676,0.0006879690623458679,3.0779176,0.002954991072775988,,,25.0,NCM920305_demo,CC_Cover5
15585.271625671536,0.0006879721871053,3.0728757,0.0029554428412260298,,,25.0,NCM920305_demo,CC_Cover5
15587.627625916153,0.0006879722647169506,3.0678732,0.002955893080899354,,,25.0,NCM920305_demo,CC_Cover5
15589.899626154453,0.0006879698323924517,3.0628314,0.0029563272663502248,,,25.0,NCM920305_demo,CC_Cover5
15592.177626391873,0.0006879711528856076,3.0577896,0.002956762599252895,,,25.0,NCM920305_demo,CC_Cover5
15594.409626624547,0.0006879711769179021,3.0527871,0.0029571891414270487,,,25.0,NCM920305_demo,CC_Cover5
15596.569626849145,0.0006879702576785748,3.0477846,0.002957601923624578,,,25.0,NCM920305_demo,CC_Cover5
15598.771627079695,0.0006879729901661686,3.0427427,0.0029580227338142882,,,25.0,NCM920305_demo,CC_Cover5
15600.917627303861,0.0006879728291658016,3.0377402,0.002958432842104735,,,25.0,NCM920305_demo,CC_Cover5
15603.047627525404,0.0006879714731570149,3.0327377,0.002958839891935358,,,25.0,NCM920305_demo,CC_Cover5
15605.113627741113,0.0006879686429978768,3.0277352,0.002959234709536701,,,25.0,NCM920305_demo,CC_Cover5
15607.187627956271,0.0006879692699146745,3.0226934,0.002959631056318319,,,25.0,NCM920305_demo,CC_Cover5
15609.245628172532,0.0006879661353697602,3.0176909,0.0029600243436670327,,,25.0,NCM920305_demo,CC_Cover5
15611.223628378473,0.0006879698554286506,3.0126884,0.002960402344921399,,,25.0,NCM920305_demo,CC_Cover5
15613.195628583431,0.0006879704887293741,3.0076859,0.00296077919990606,,,25.0,NCM920305_demo,CC_Cover5
15615.165628789924,0.0006879700008568404,3.0026834,0.0029611556724182127,,,25.0,NCM920305_demo,CC_Cover5
15617.121628994122,0.0006879721952207876,2.9976809,0.002961529470683306,,,25.0,NCM920305_demo,CC_Cover5
15619.065629195422,0.000687971042708292,2.9926391,0.002961900975084837,,,25.0,NCM920305_demo,CC_Cover5
15620.94562939182,0.000687966261618669,2.9876366,0.0029622602463923262,,,25.0,NCM920305_demo,CC_Cover5
15622.815629586577,0.0006879712723172881,2.9826341,0.0029626176092848867,,,25.0,NCM920305_demo,CC_Cover5
15624.695629782975,0.000687968377773565,2.9776316,0.002962976881697479,,,25.0,NCM920305_demo,CC_Cover5
15626.537629975937,0.0006879681896564427,2.9726291,0.002963328892124729,,,25.0,NCM920305_demo,CC_Cover5
15628.37763016671,0.0006879707480922868,2.9676266,0.002963680521654655,,,25.0,NCM920305_demo,CC_Cover5
15630.177630355582,0.000687969590624053,2.9626241,0.002964024506486061,,,25.0,NCM920305_demo,CC_Cover5
15631.981630544178,0.0006879701338551956,2.9575427,0.00296436925600029,,,25.0,NCM920305_demo,CC_Cover5
15633.73763072677,0.0006879701962805453,2.9525404,0.002964704832608703,,,25.0,NCM920305_demo,CC_Cover5
15635.477630908601,0.000687970029802892,2.9475379,0.0029650373514911892,,,25.0,NCM920305_demo,CC_Cover5
15637.231631091796,0.0006879689513864725,2.9425354,0.002965372545287512,,,25.0,NCM920305_demo,CC_Cover5
15638.927631268278,0.0006879728275157391,2.9375329,0.002965696656964424,,,25.0,NCM920305_demo,CC_Cover5
15640.651631448185,0.0006879693567570287,2.9325304,0.0029660261178796523,,,25.0,NCM920305_demo,CC_Cover5
15642.293631619774,0.0006879703869150178,2.9274886,0.00296633990885003,,,25.0,NCM920305_demo,CC_Cover5
15644.005631797016,0.0006879685097849133,2.9224861,0.002966667076130777,,,25.0,NCM920305_demo,CC_Cover5
15645.655631969916,0.0006879698050509832,2.9174836,0.002966982395657801,,,25.0,NCM920305_demo,CC_Cover5
15647.315632142127,0.0006879693359605554,2.9124811,0.002967299625995626,,,25.0,NCM920305_demo,CC_Cover5
15648.979632317089,0.0006879709431237932,2.9074392,0.0029676176214872172,,,25.0,NCM920305_demo,CC_Cover5
15650.589632484829,0.0006879694429948275,2.9024367,0.002967925296742389,,,25.0,NCM920305_demo,CC_Cover5
15652.221632654779,0.0006879725078740573,2.8974342,0.0029682371776451042,,,25.0,NCM920305_demo,CC_Cover5
15653.795632818714,0.0006879709860505189,2.8924317,0.0029685379738797783,,,25.0,NCM920305_demo,CC_Cover5
15655.371632983908,0.0006879689966245777,2.8874292,0.002968839151449869,,,25.0,NCM920305_demo,CC_Cover5
15656.971633150242,0.0006879684987715597,2.8823874,0.0029691449152588877,,,25.0,NCM920305_demo,CC_Cover5
15658.559633316472,0.0006879705808225764,2.8773849,0.0029694483867579733,,,25.0,NCM920305_demo,CC_Cover5
15660.125633478165,0.0006879692384304309,2.8723428,0.00296974765340759,,,25.0,NCM920305_demo,CC_Cover5
15661.669633640908,0.00068796999681428,2.8673403,0.002970042716126213,,,25.0,NCM920305_demo,CC_Cover5
15663.203633800149,0.0006879707899678033,2.8622985,0.00297033586815437,,,25.0,NCM920305_demo,CC_Cover5
15664.753633961082,0.0006879707675010515,2.857296,0.002970632077821132,,,25.0,NCM920305_demo,CC_Cover5
15666.2576341182,0.0006879692735710436,2.8522935,0.00297091949612545,,,25.0,NCM920305_demo,CC_Cover5
15667.777634277707,0.0006879664169697923,2.847291,0.002971209970865319,,,25.0,NCM920305_demo,CC_Cover5
15669.237634429708,0.000687968537643051,2.8422885,0.002971488980356856,,,25.0,NCM920305_demo,CC_Cover5
15670.719634584151,0.0006879686569792384,2.8372467,0.00297177219415016,,,25.0,NCM920305_demo,CC_Cover5
15672.211634740233,0.0006879709942435912,2.8322442,0.002972057319936491,,,25.0,NCM920305_demo,CC_Cover5
15673.557634880766,0.0006879692423901852,2.8272417,0.002972314544018974,,,25.0,NCM920305_demo,CC_Cover5
15674.929635023698,0.0006879688434563779,2.8221998,0.0029725767366166277,,,25.0,NCM920305_demo,CC_Cover5
15676.375635173172,0.0006879652805659396,2.8171973,0.00297285306936622,,,25.0,NCM920305_demo,CC_Cover5
15677.82963532582,0.0006879703359930178,2.8121161,0.0029731309329699843,,,25.0,NCM920305_demo,CC_Cover5
15679.21963547077,0.0006879646051254236,2.8070743,0.0029733965637757753,,,25.0,NCM920305_demo,CC_Cover5
15680.631635617465,0.0006879664953651771,2.8020325,0.002973666399551435,,,25.0,NCM920305_demo,CC_Cover5
15682.057635767385,0.0006879700660364196,2.79703,0.002973938912167354,,,25.0,NCM920305_demo,CC_Cover5
15683.44363591075,0.0006879690558390196,2.7919879,0.00297420378028125,,,25.0,NCM920305_demo,CC_Cover5
15684.831636056304,0.0006879678778235458,2.7869854,0.002974469030146404,,,25.0,NCM920305_demo,CC_Cover5
15686.221636201255,0.000687973530469797,2.7819829,0.002974734664398369,,,25.0,NCM920305_demo,CC_Cover5
15687.561636339873,0.0006879711412688296,2.7769806,0.002974990742571888,,,25.0,NCM920305_demo,CC_Cover5
15688.917636482976,0.0006879706457595064,2.7719781,0.0029752498782091383,,,25.0,NCM920305_demo,CC_Cover5
15690.243636621162,0.0006879747754945151,2.7669756,0.002975503282277853,,,25.0,NCM920305_demo,CC_Cover5
15691.557636758313,0.0006879693160401179,2.7619336,0.0029757543911044172,,,25.0,NCM920305_demo,CC_Cover5
15692.88963689655,0.0006879712432901554,2.7568917,0.0029760089404908523,,,25.0,NCM920305_demo,CC_Cover5
15694.193637032062,0.0006879709977267132,2.7518499,0.00297625813890037,,,25.0,NCM920305_demo,CC_Cover5
15695.523637171835,0.00068797209059858,2.7468474,0.002976512306393885,,,25.0,NCM920305_demo,CC_Cover5
15696.83363730833,0.0006879750614192245,2.7418449,0.0029767626529006532,,,25.0,NCM920305_demo,CC_Cover5
15698.107637441717,0.0006879666157764726,2.7368424,0.002977006116667393,,,25.0,NCM920305_demo,CC_Cover5
15699.385637573898,0.0006879717375721299,2.7318399,0.0029772503466594913,,,25.0,NCM920305_demo,CC_Cover5
15700.643637705594,0.0006879683113218499,2.7267981,0.002977490753389004,,,25.0,NCM920305_demo,CC_Cover5
15701.939637839794,0.0006879706776912023,2.7217956,0.002977738422858618,,,25.0,NCM920305_demo,CC_Cover5
15703.20763797313,0.0006879735468221376,2.7167931,0.002977980742455591,,,25.0,NCM920305_demo,CC_Cover5
15704.48763810657,0.0006879747631864855,2.7117906,0.002978225355730225,,,25.0,NCM920305_demo,CC_Cover5
15705.727638236247,0.0006879700697831145,2.7067881,0.002978462323223487,,,25.0,NCM920305_demo,CC_Cover5
15706.95363836363,0.0006879729298800402,2.7017856,0.002978696616251173,,,25.0,NCM920305_demo,CC_Cover5
15708.20763849467,0.0006879700070314402,2.6967831,0.002978936259161998,,,25.0,NCM920305_demo,CC_Cover5
15709.421638621017,0.0006879706344295297,2.6917806,0.002979168258172309,,,25.0,NCM920305_demo,CC_Cover5
15710.677638752386,0.0006879762909262544,2.6867781,0.002979408285481138,,,25.0,NCM920305_demo,CC_Cover5
15711.913638881408,0.0006879713156655426,2.6817758,0.0029796444889908387,,,25.0,NCM920305_demo,CC_Cover5
15713.131639007479,0.000687968591206005,2.6767733,0.0029798772517216233,,,25.0,NCM920305_demo,CC_Cover5
15714.329639133066,0.0006879658276358114,2.6717708,0.0029801061914849314,,,25.0,NCM920305_demo,CC_Cover5
15715.459639251232,0.0006879755905290827,2.6667287,0.0029803221394012073,,,25.0,NCM920305_demo,CC_Cover5
15716.64763937518,0.0006879690698586088,2.6617262,0.0029805491692179473,,,25.0,NCM920305_demo,CC_Cover5
15717.823639497161,0.0006879701130887463,2.656724,0.002980773906144866,,,25.0,NCM920305_demo,CC_Cover5
15719.033639623784,0.0006879671262561702,2.6516426,0.002981005139564278,,,25.0,NCM920305_demo,CC_Cover5
15720.235639749095,0.0006879695401825463,2.6466401,0.002981234844973586,,,25.0,NCM920305_demo,CC_Cover5
15721.41763987299,0.0006879705206778689,2.6416376,0.002981460728651553,,,25.0,NCM920305_demo,CC_Cover5
15722.605639996938,0.0006879706262019489,2.6366351,0.0029816877589818862,,,25.0,NCM920305_demo,CC_Cover5
15723.793640120886,0.0006879728154181096,2.6315539,0.002981914790034661,,,25.0,NCM920305_demo,CC_Cover5
15725.003640245646,0.0006879678420782736,2.6265514,0.002982146023694312,,,25.0,NCM920305_demo,CC_Cover5
15726.123640362173,0.0006879695519283163,2.6215489,0.002982360058688292,,,25.0,NCM920305_demo,CC_Cover5
15727.27164048329,0.0006879698708936532,2.6165071,0.0029825794446591562,,,25.0,NCM920305_demo,CC_Cover5
15728.399640601128,0.0006879695100080607,2.6115046,0.002982795008461478,,,25.0,NCM920305_demo,CC_Cover5
15729.579640723765,0.0006879691393953004,2.6065021,0.002983020509480605,,,25.0,NCM920305_demo,CC_Cover5
15730.721640842967,0.0006879728968913941,2.6014602,0.0029832387497945663,,,25.0,NCM920305_demo,CC_Cover5
15731.859640961513,0.0006879720802942735,2.5964577,0.002983456225435936,,,25.0,NCM920305_demo,CC_Cover5
15733.017641082406,0.0006879750811690566,2.5914552,0.0029836775241101478,,,25.0,NCM920305_demo,CC_Cover5
15734.185641204938,0.0006879700871212787,2.5864527,0.002983900732206275,,,25.0,NCM920305_demo,CC_Cover5
15735.327641323209,0.000687969447586072,2.5814502,0.002984118971425861,,,25.0,NCM920305_demo,CC_Cover5
15736.445641439408,0.0006879689353738871,2.5764477,0.002984332624022997,,,25.0,NCM920305_demo,CC_Cover5
15737.591641559731,0.0006879751837894916,2.5714452,0.0029845516294794983,,,25.0,NCM920305_demo,CC_Cover5
15738.73164167907,0.0006879729547285797,2.5664427,0.002984769487604634,,,25.0,NCM920305_demo,CC_Cover5
15739.855641796254,0.0006879717541890388,2.5614402,0.002984984287696947,,,25.0,NCM920305_demo,CC_Cover5
15740.951641909778,0.000687971834918424,2.5564377,0.0029851937369217182,,,25.0,NCM920305_demo,CC_Cover5
15742.05164202489,0.0006879701749496893,2.5514352,0.002985403950052728,,,25.0,NCM920305_demo,CC_Cover5
15743.189642142504,0.0006879686546904893,2.5464327,0.002985621424611049,,,25.0,NCM920305_demo,CC_Cover5
15744.301642259583,0.0006879684932936163,2.5414302,0.002985833930456907,,,25.0,NCM920305_demo,CC_Cover5
15745.403642374557,0.0006879716202343951,2.5363884,0.0029860445262359613,,,25.0,NCM920305_demo,CC_Cover5
15746.535642492585,0.0006879732991951869,2.5313859,0.002986260855640375,,,25.0,NCM920305_demo,CC_Cover5
15747.643642608076,0.0006879658972840489,2.5263834,0.0029864725962774983,,,25.0,NCM920305_demo,CC_Cover5
15748.77564272657,0.0006879710017115008,2.5213809,0.00298668892495957,,,25.0,NCM920305_demo,CC_Cover5
15749.887642841786,0.0006879703017744125,2.5163784,0.002986901431363691,,,25.0,NCM920305_demo,CC_Cover5
15751.00164295733,0.0006879689716122174,2.5113366,0.002987114319561988,,,25.0,NCM920305_demo,CC_Cover5
15752.131643075496,0.0006879707813314593,2.5063341,0.0029873302659687104,,,25.0,NCM920305_demo,CC_Cover5
15753.239643191919,0.0006879718342530499,2.5012922,0.002987542008433278,,,25.0,NCM920305_demo,CC_Cover5
15753.567643225193,0.0006879697532808062,2.499953,0.002987604690128269,,,25.0,NCM920305_demo,CC_Cover5
15753.56964322552,0.0006879981820586324,2.4999924,0.002987605072349544,,,25.0,NCM920305_demo,CC_Cover5
15753.601643229835,0.0006449983144518863,2.540091,0.002987610805668668,,,25.0,NCM920305_demo,CC_Cover5
15753.61364323087,-0.0,2.5451722,0.002987610805668668,,,25.0,NCM920305_demo,CC_Cover5
15753.627643231302,-0.0,2.550293,0.002987610805668668,,,25.0,NCM920305_demo,CC_Cover5
15753.643643233925,-0.0,2.5556107,0.002987610805668668,,,25.0,NCM920305_demo,CC_Cover5
15753.661643235944,-0.0,2.5608101,0.002987610805668668,,,25.0,NCM920305_demo,CC_Cover5
15753.681643238291,-0.0,2.5661671,0.002987610805668668,,,25.0,NCM920305_demo,CC_Cover5
15753.703643240035,-0.0,2.5714846,0.002987610805668668,,,25.0,NCM920305_demo,CC_Cover5
15753.727643243037,-0.0,2.5767233,0.002987610805668668,,,25.0,NCM920305_demo,CC_Cover5
15753.753643244505,-0.0,2.5818834,0.002987610805668668,,,25.0,NCM920305_demo,CC_Cover5
15753.781643248396,-0.0,2.5870435,0.002987610805668668,,,25.0,NCM920305_demo,CC_Cover5
15753.811643250287,-0.0,2.5921247,0.002987610805668668,,,25.0,NCM920305_demo,CC_Cover5
15753.843643254833,-0.0,2.5972455,0.002987610805668668,,,25.0,NCM920305_demo,CC_Cover5
15753.87764325738,-0.0,2.6022873,0.002987610805668668,,,25.0,NCM920305_demo,CC_Cover5
15753.915643262677,-0.0,2.6074474,0.002987610805668668,,,25.0,NCM920305_demo,CC_Cover5
15753.95564326644,-0.0,2.6125681,0.002987610805668668,,,25.0,NCM920305_demo,CC_Cover5
15753.997643271461,-0.0,2.6177676,0.002987610805668668,,,25.0,NCM920305_demo,CC_Cover5
15754.04164327588,-0.0,2.6227701,0.002987610805668668,,,25.0,NCM920305_demo,CC_Cover5
15754.087643280625,-0.0,2.6278512,0.002987610805668668,,,25.0,NCM920305_demo,CC_Cover5
15754.137643285096,-0.0,2.632972,0.002987610805668668,,,25.0,NCM920305_demo,CC_Cover5
15754.187643289566,-0.0,2.6379745,0.002987610805668668,,,25.0,NCM920305_demo,CC_Cover5
15754.241643296555,-0.0,2.6429768,0.002987610805668668,,,25.0,NCM920305_demo,CC_Cover5
15754.29564330168,-0.0,2.6479793,0.002987610805668668,,,25.0,NCM920305_demo,CC_Cover5
15754.353643308394,-0.0,2.6530607,0.002987610805668668,,,25.0,NCM920305_demo,CC_Cover5
15754.413643314503,-0.0,2.6581025,0.002987610805668668,,,25.0,NCM920305_demo,CC_Cover5
15754.47564332094,-0.0,2.663105,0.002987610805668668,,,25.0,NCM920305_demo,CC_Cover5
15754.541643328033,-0.0,2.6683831,0.002987610805668668,,,25.0,NCM920305_demo,CC_Cover5
15754.609643334523,-0.0,2.6734645,0.002987610805668668,,,25.0,NCM920305_demo,CC_Cover5
15754.677643341944,-0.0,2.6785457,0.002987610805668668,,,25.0,NCM920305_demo,CC_Cover5
15754.749643348157,-0.0,2.6837058,0.002987610805668668,,,25.0,NCM920305_demo,CC_Cover5
15754.821643356234,-0.0,2.6887083,0.002987610805668668,,,25.0,NCM920305_demo,CC_Cover5
15754.895643364638,-0.0,2.6937108,0.002987610805668668,,,25.0,NCM920305_demo,CC_Cover5
15754.973643372767,-0.0,2.6989496,0.002987610805668668,,,25.0,NCM920305_demo,CC_Cover5
15755.051643380895,-0.0,2.7039914,0.002987610805668668,,,25.0,NCM920305_demo,CC_Cover5
15755.133643388748,-0.0,2.7091122,0.002987610805668668,,,25.0,NCM920305_demo,CC_Cover5
15755.215643397998,-0.0,2.714154,0.002987610805668668,,,25.0,NCM920305_demo,CC_Cover5
15755.301643406972,-0.0,2.7191565,0.002987610805668668,,,25.0,NCM920305_demo,CC_Cover5
15755.385643415153,-0.0,2.724159,0.002987610805668668,,,25.0,NCM920305_demo,CC_Cover5
15755.47364342492,-0.0,2.7292008,0.002987610805668668,,,25.0,NCM920305_demo,CC_Cover5
15755.563643433154,-0.0,2.7343609,0.002987610805668668,,,25.0,NCM920305_demo,CC_Cover5
15755.653643443715,-0.0,2.7393634,0.002987610805668668,,,25.0,NCM920305_demo,CC_Cover5
15755.745643453673,-0.0,2.7444053,0.002987610805668668,,,25.0,NCM920305_demo,CC_Cover5
15755.841643463355,-0.0,2.7494078,0.002987610805668668,,,25.0,NCM920305_demo,CC_Cover5
15755.937643472105,-0.0,2.7544889,0.002987610805668668,,,25.0,NCM920305_demo,CC_Cover5
15756.035643483512,-0.0,2.759531,0.002987610805668668,,,25.0,NCM920305_demo,CC_Cover5
15756.135643493384,-0.0,2.7645333,0.002987610805668668,,,25.0,NCM920305_demo,CC_Cover5
15756.237643504515,-0.0,2.7695358,0.002987610805668668,,,25.0,NCM920305_demo,CC_Cover5
15756.341643515509,-0.0,2.7745383,0.002987610805668668,,,25.0,NCM920305_demo,CC_Cover5
15756.443643525243,-0.0,2.7795408,0.002987610805668668,,,25.0,NCM920305_demo,CC_Cover5
15756.553643537685,-0.0,2.7845829,0.002987610805668668,,,25.0,NCM920305_demo,CC_Cover5
15756.661643548869,-0.0,2.789664,0.002987610805668668,,,25.0,NCM920305_demo,CC_Cover5
15756.773643560708,-0.0,2.7947452,0.002987610805668668,,,25.0,NCM920305_demo,CC_Cover5
15756.885643571615,-0.0,2.7997477,0.002987610805668668,,,25.0,NCM920305_demo,CC_Cover5
15757.001643583179,-0.0,2.8047502,0.002987610805668668,,,25.0,NCM920305_demo,CC_Cover5
15757.115643596277,-0.0,2.8097527,0.002987610805668668,,,25.0,NCM920305_demo,CC_Cover5
15757.233643608168,-0.0,2.8147552,0.002987610805668668,,,25.0,NCM920305_demo,CC_Cover5
15757.353643621318,-0.0,2.819797,0.002987610805668668,,,25.0,NCM920305_demo,CC_Cover5
15757.477643634193,-0.0,2.8248785,0.002987610805668668,,,25.0,NCM920305_demo,CC_Cover5
15757.601643647067,-0.0,2.8299596,0.002987610805668668,,,25.0,NCM920305_demo,CC_Cover5
15757.72764366027,-0.0,2.8350408,0.002987610805668668,,,25.0,NCM920305_demo,CC_Cover5
15757.8556436738,-0.0,2.8400829,0.002987610805668668,,,25.0,NCM920305_demo,CC_Cover5
15757.987643687055,-0.0,2.8451247,0.002987610805668668,,,25.0,NCM920305_demo,CC_Cover5
15758.11964370124,-0.0,2.8502452,0.002987610805668668,,,25.0,NCM920305_demo,CC_Cover5
15758.25564371422,-0.0,2.8552871,0.002987610805668668,,,25.0,NCM920305_demo,CC_Cover5
15758.393643729389,-0.0,2.8603685,0.002987610805668668,,,25.0,NCM920305_demo,CC_Cover5
15758.52764374367,-0.0,2.865371,0.002987610805668668,,,25.0,NCM920305_demo,CC_Cover5
15758.667643758468,-0.0,2.8704128,0.002987610805668668,,,25.0,NCM920305_demo,CC_Cover5
15758.811643771827,-0.0,2.8754153,0.002987610805668668,,,25.0,NCM920305_demo,CC_Cover5
15758.953643787652,-0.0,2.8804178,0.002987610805668668,,,25.0,NCM920305_demo,CC_Cover5
15759.099643803202,-0.0,2.8854203,0.002987610805668668,,,25.0,NCM920305_demo,CC_Cover5
15759.245643818751,-0.0,2.8904228,0.002987610805668668,,,25.0,NCM920305_demo,CC_Cover5
15759.395643834025,-0.0,2.8955829,0.002987610805668668,,,25.0,NCM920305_demo,CC_Cover5
15759.549643849954,-0.0,2.9006248,0.002987610805668668,,,25.0,NCM920305_demo,CC_Cover5
15759.703643865883,-0.0,2.9056273,0.002987610805668668,,,25.0,NCM920305_demo,CC_Cover5
15759.85964388214,-0.0,2.9106297,0.002987610805668668,,,25.0,NCM920305_demo,CC_Cover5
15760.015643898398,-0.0,2.9157109,0.002987610805668668,,,25.0,NCM920305_demo,CC_Cover5
15760.181643916294,-0.0,2.920871,0.002987610805668668,,,25.0,NCM920305_demo,CC_Cover5
15760.341643932741,-0.0,2.9258735,0.002987610805668668,,,25.0,NCM920305_demo,CC_Cover5
15760.511643949896,-0.0,2.930876,0.002987610805668668,,,25.0,NCM920305_demo,CC_Cover5
15760.675643967465,-0.0,2.9359179,0.002987610805668668,,,25.0,NCM920305_demo,CC_Cover5
15760.847643985413,-0.0,2.9409597,0.002987610805668668,,,25.0,NCM920305_demo,CC_Cover5
15761.017644003034,-0.0,2.9459622,0.002987610805668668,,,25.0,NCM920305_demo,CC_Cover5
15761.191644020379,-0.0,2.951004,0.002987610805668668,,,25.0,NCM920305_demo,CC_Cover5
15761.367644039914,-0.0,2.9560854,0.002987610805668668,,,25.0,NCM920305_demo,CC_Cover5
15761.54964405857,-0.0,2.9610879,0.002987610805668668,,,25.0,NCM920305_demo,CC_Cover5
15761.727644077502,-0.0,2.9662085,0.002987610805668668,,,25.0,NCM920305_demo,CC_Cover5
15761.91764409747,-0.0,2.971211,0.002987610805668668,,,25.0,NCM920305_demo,CC_Cover5
15762.103644116782,-0.0,2.9762135,0.002987610805668668,,,25.0,NCM920305_demo,CC_Cover5
15762.29364413675,-0.0,2.9812946,0.002987610805668668,,,25.0,NCM920305_demo,CC_Cover5
15762.487644156441,-0.0,2.986376,0.002987610805668668,,,25.0,NCM920305_demo,CC_Cover5
15762.681644177064,-0.0,2.9914179,0.002987610805668668,,,25.0,NCM920305_demo,CC_Cover5
15762.877644196153,-0.0,2.9964204,0.002987610805668668,,,25.0,NCM920305_demo,CC_Cover5
15763.07764421776,-0.0,3.0014229,0.002987610805668668,,,25.0,NCM920305_demo,CC_Cover5
15763.281644239323,-0.0,3.0064254,0.002987610805668668,,,25.0,NCM920305_demo,CC_Cover5
15763.485644260421,-0.0,3.0114279,0.002987610805668668,,,25.0,NCM920305_demo,CC_Cover5
15763.693644281477,-0.0,3.0164697,0.002987610805668668,,,25.0,NCM920305_demo,CC_Cover5
15763.903644304257,-0.0,3.0214722,0.002987610805668668,,,25.0,NCM920305_demo,CC_Cover5
15764.11964432709,-0.0,3.0264747,0.002987610805668668,,,25.0,NCM920305_demo,CC_Cover5
15764.337644349784,-0.0,3.0314772,0.002987610805668668,,,25.0,NCM920305_demo,CC_Cover5
15764.555644372478,-0.0,3.0365191,0.002987610805668668,,,25.0,NCM920305_demo,CC_Cover5
15764.781644395785,-0.0,3.0415215,0.002987610805668668,,,25.0,NCM920305_demo,CC_Cover5
15765.003644417971,-0.0,3.046524,0.002987610805668668,,,25.0,NCM920305_demo,CC_Cover5
15765.237644443288,-0.0,3.0515265,0.002987610805668668,,,25.0,NCM920305_demo,CC_Cover5
15765.471644467674,-0.0,3.0565684,0.002987610805668668,,,25.0,NCM920305_demo,CC_Cover5
15765.709644492716,-0.0,3.0616496,0.002987610805668668,,,25.0,NCM920305_demo,CC_Cover5
15765.949644517154,-0.0,3.0666521,0.002987610805668668,,,25.0,NCM920305_demo,CC_Cover5
15766.193644542247,-0.0,3.0717335,0.002987610805668668,,,25.0,NCM920305_demo,CC_Cover5
15766.445644568652,-0.0,3.076736,0.002987610805668668,,,25.0,NCM920305_demo,CC_Cover5
15766.697644595057,-0.0,3.0818172,0.002987610805668668,,,25.0,NCM920305_demo,CC_Cover5
15766.953644622117,-0.0,3.086859,0.002987610805668668,,,25.0,NCM920305_demo,CC_Cover5
15767.209644649178,-0.0,3.0918615,0.002987610805668668,,,25.0,NCM920305_demo,CC_Cover5
15767.47164467629,-0.0,3.096864,0.002987610805668668,,,25.0,NCM920305_demo,CC_Cover5
15767.741644704714,-0.0,3.1019454,0.002987610805668668,,,25.0,NCM920305_demo,CC_Cover5
15768.015644732863,-0.0,3.1069479,0.002987610805668668,,,25.0,NCM920305_demo,CC_Cover5
15768.281644760864,-0.0,3.1119504,0.002987610805668668,,,25.0,NCM920305_demo,CC_Cover5
15768.56364478916,-0.0,3.1169922,0.002987610805668668,,,25.0,NCM920305_demo,CC_Cover5
15768.849644820206,-0.0,3.1220341,0.002987610805668668,,,25.0,NCM920305_demo,CC_Cover5
15769.13564484939,-0.0,3.1270366,0.002987610805668668,,,25.0,NCM920305_demo,CC_Cover5
15769.429644880816,-0.0,3.1321967,0.002987610805668668,,,25.0,NCM920305_demo,CC_Cover5
15769.731644912623,-0.0,3.1371992,0.002987610805668668,,,25.0,NCM920305_demo,CC_Cover5
15770.031644943403,-0.0,3.142241,0.002987610805668668,,,25.0,NCM920305_demo,CC_Cover5
15770.331644974649,-0.0,3.1472828,0.002987610805668668,,,25.0,NCM920305_demo,CC_Cover5
15770.651645008242,-0.0,3.152364,0.002987610805668668,,,25.0,NCM920305_demo,CC_Cover5
15770.965645040851,-0.0,3.1573665,0.002987610805668668,,,25.0,NCM920305_demo,CC_Cover5
15771.285645074211,-0.0,3.1624084,0.002987610805668668,,,25.0,NCM920305_demo,CC_Cover5
15771.615645108745,-0.0,3.1674504,0.002987610805668668,,,25.0,NCM920305_demo,CC_Cover5
15771.939645141363,-0.0,3.1725316,0.002987610805668668,,,25.0,NCM920305_demo,CC_Cover5
15772.283645178191,-0.0,3.1775341,0.002987610805668668,,,25.0,NCM920305_demo,CC_Cover5
15772.623645212501,-0.0,3.1825759,0.002987610805668668,,,25.0,NCM920305_demo,CC_Cover5
15772.969645249657,-0.0,3.1875784,0.002987610805668668,,,25.0,NCM920305_demo,CC_Cover5
15773.321645285934,-0.0,3.1925809,0.002987610805668668,,,25.0,NCM920305_demo,CC_Cover5
15773.67564532347,-0.0,3.1976228,0.002987610805668668,,,25.0,NCM920305_demo,CC_Cover5
15774.041645362042,-0.0,3.2026253,0.002987610805668668,,,25.0,NCM920305_demo,CC_Cover5
15774.401645399397,-0.0,3.2076278,0.002987610805668668,,,25.0,NCM920305_demo,CC_Cover5
15774.775645438582,-0.0,3.2126303,0.002987610805668668,,,25.0,NCM920305_demo,CC_Cover5
15775.153645477723,-0.0,3.2176328,0.002987610805668668,,,25.0,NCM920305_demo,CC_Cover5
15775.537645517848,-0.0,3.2226353,0.002987610805668668,,,25.0,NCM920305_demo,CC_Cover5
15775.933645559475,-0.0,3.2276378,0.002987610805668668,,,25.0,NCM920305_demo,CC_Cover5
15776.325645599514,-0.0,3.2326796,0.002987610805668668,,,25.0,NCM920305_demo,CC_Cover5
15776.733645642176,-0.0,3.2377608,0.002987610805668668,,,25.0,NCM920305_demo,CC_Cover5
15777.14964568615,-0.0,3.2428815,0.002987610805668668,,,25.0,NCM920305_demo,CC_Cover5
15777.573645729572,-0.0,3.2479627,0.002987610805668668,,,25.0,NCM920305_demo,CC_Cover5
15778.00964577496,-0.0,3.2530835,0.002987610805668668,,,25.0,NCM920305_demo,CC_Cover5
15778.447645820677,-0.0,3.2581646,0.002987610805668668,,,25.0,NCM920305_demo,CC_Cover5
15778.893645867705,-0.0,3.2632854,0.002987610805668668,,,25.0,NCM920305_demo,CC_Cover5
15779.33364591375,-0.0,3.2682879,0.002987610805668668,,,25.0,NCM920305_demo,CC_Cover5
15779.799645962194,-0.0,3.2733297,0.002987610805668668,,,25.0,NCM920305_demo,CC_Cover5
15780.26364601031,-0.0,3.2783716,0.002987610805668668,,,25.0,NCM920305_demo,CC_Cover5
15780.74164606072,-0.0,3.283453,0.002987610805668668,,,25.0,NCM920305_demo,CC_Cover5
15781.217646110104,-0.0,3.2884555,0.002987610805668668,,,25.0,NCM920305_demo,CC_Cover5
15781.691646158695,-0.0,3.293458,0.002987610805668668,,,25.0,NCM920305_demo,CC_Cover5
15782.197646211833,-0.0,3.2984605,0.002987610805668668,,,25.0,NCM920305_demo,CC_Cover5
15782.697646263987,-0.0,3.3035417,0.002987610805668668,,,25.0,NCM920305_demo,CC_Cover5
15783.219646318816,-0.0,3.3085442,0.002987610805668668,,,25.0,NCM920305_demo,CC_Cover5
15783.743646373972,-0.0,3.3136647,0.002987610805668668,,,25.0,NCM920305_demo,CC_Cover5
15784.271646428853,-0.0,3.3186672,0.002987610805668668,,,25.0,NCM920305_demo,CC_Cover5
15784.821646485478,-0.0,3.3236697,0.002987610805668668,,,25.0,NCM920305_demo,CC_Cover5
15785.37364654243,-0.0,3.3287117,0.002987610805668668,,,25.0,NCM920305_demo,CC_Cover5
15785.941646602005,-0.0,3.3337929,0.002987610805668668,,,25.0,NCM920305_demo,CC_Cover5
15786.517646662891,-0.0,3.3388348,0.002987610805668668,,,25.0,NCM920305_demo,CC_Cover5
15787.103646724485,-0.0,3.3438766,0.002987610805668668,,,25.0,NCM920305_demo,CC_Cover5
15787.713646787917,-0.0,3.3488791,0.002987610805668668,,,25.0,NCM920305_demo,CC_Cover5
15788.321646850556,-0.0,3.3538816,0.002987610805668668,,,25.0,NCM920305_demo,CC_Cover5
15788.93364691548,-0.0,3.3588841,0.002987610805668668,,,25.0,NCM920305_demo,CC_Cover5
15789.577646981925,-0.0,3.3638866,0.002987610805668668,,,25.0,NCM920305_demo,CC_Cover5
15790.229647050612,-0.0,3.3688891,0.002987610805668668,,,25.0,NCM920305_demo,CC_Cover5
15790.903647120576,-0.0,3.3739309,0.002987610805668668,,,25.0,NCM920305_demo,CC_Cover5
15791.581647191197,-0.0,3.3789728,0.002987610805668668,,,25.0,NCM920305_demo,CC_Cover5
15792.28764726501,-0.0,3.3839753,0.002987610805668668,,,25.0,NCM920305_demo,CC_Cover5
15792.997647339478,-0.0,3.3889778,0.002987610805668668,,,25.0,NCM920305_demo,CC_Cover5
15793.741647416726,-0.0,3.3940196,0.002987610805668668,,,25.0,NCM920305_demo,CC_Cover5
15794.49764749594,-0.0,3.399101,0.002987610805668668,,,25.0,NCM920305_demo,CC_Cover5
15795.293647578917,-0.0,3.4041429,0.002987610805668668,,,25.0,NCM920305_demo,CC_Cover5
15796.099647662602,-0.0,3.4091847,0.002987610805668668,,,25.0,NCM920305_demo,CC_Cover5
15796.919647748582,-0.0,3.4141872,0.002987610805668668,,,25.0,NCM920305_demo,CC_Cover5
15797.783647838049,-0.0,3.419229,0.002987610805668668,,,25.0,NCM920305_demo,CC_Cover5
15798.671647930518,-0.0,3.4242315,0.002987610805668668,,,25.0,NCM920305_demo,CC_Cover5
15799.58964802674,-0.0,3.4292734,0.002987610805668668,,,25.0,NCM920305_demo,CC_Cover5
15800.533648124896,-0.0,3.4342759,0.002987610805668668,,,25.0,NCM920305_demo,CC_Cover5
15801.517648227513,-0.0,3.4393179,0.002987610805668668,,,25.0,NCM920305_demo,CC_Cover5
15802.557648336515,-0.0,3.4443202,0.002987610805668668,,,25.0,NCM920305_demo,CC_Cover5
15803.647648449987,-0.0,3.4494016,0.002987610805668668,,,25.0,NCM920305_demo,CC_Cover5
15804.791648569517,-0.0,3.4544041,0.002987610805668668,,,25.0,NCM920305_demo,CC_Cover5
15805.987648693845,-0.0,3.4594853,0.002987610805668668,,,25.0,NCM920305_demo,CC_Cover5
15807.251648824662,-0.0,3.4645271,0.002987610805668668,,,25.0,NCM920305_demo,CC_Cover5
15808.601648966782,-0.0,3.4695692,0.002987610805668668,,,25.0,NCM920305_demo,CC_Cover5
15810.05364911817,-0.0,3.4745715,0.002987610805668668,,,25.0,NCM920305_demo,CC_Cover5
15811.575649276376,-0.0,3.479574,0.002987610805668668,,,25.0,NCM920305_demo,CC_Cover5
15813.22764944937,-0.0,3.4845765,0.002987610805668668,,,25.0,NCM920305_demo,CC_Cover5
15815.021649636328,-0.0,3.489579,0.002987610805668668,,,25.0,NCM920305_demo,CC_Cover5
15816.987649841234,-0.0,3.4945815,0.002987610805668668,,,25.0,NCM920305_demo,CC_Cover5
15819.16765006911,-0.0,3.4996233,0.002987610805668668,,,25.0,NCM920305_demo,CC_Cover5
15821.625650323927,-0.0,3.5046258,0.002987610805668668,,,25.0,NCM920305_demo,CC_Cover5
15824.447650618851,-0.0,3.5097072,0.002987610805668668,,,25.0,NCM920305_demo,CC_Cover5
15827.669650956057,-0.0,3.5147097,0.002987610805668668,,,25.0,NCM920305_demo,CC_Cover5
15831.371651342139,-0.0,3.5197122,0.002987610805668668,,,25.0,NCM920305_demo,CC_Cover5
15835.853651809506,-0.0,3.524754,0.002987610805668668,,,25.0,NCM920305_demo,CC_Cover5
15841.365652384236,-0.0,3.5297565,0.002987610805668668,,,25.0,NCM920305_demo,CC_Cover5
15848.203653097153,-0.0,3.5347984,0.002987610805668668,,,25.0,NCM920305_demo,CC_Cover5
15857.077654022723,-0.0,3.5398009,0.002987610805668668,,,25.0,NCM920305_demo,CC_Cover5
15868.843655250268,-0.0,3.5448034,0.002987610805668668,,,25.0,NCM920305_demo,CC_Cover5
15884.931656928733,-0.0,3.5498059,0.002987610805668668,,,25.0,NCM920305_demo,CC_Cover5
15907.37565926835,-0.0,3.5548084,0.002987610805668668,,,25.0,NCM920305_demo,CC_Cover5
15939.831662654877,-0.0,3.5598109,0.002987610805668668,,,25.0,NCM920305_demo,CC_Cover5
15987.6156676393,-0.0,3.5648134,0.002987610805668668,,,25.0,NCM920305_demo,CC_Cover5
16061.221675316803,-0.0,3.5698159,0.002987610805668668,,,25.0,NCM920305_demo,CC_Cover5
16179.887687694281,-0.0,3.5748184,0.002987610805668668,,,25.0,NCM920305_demo,CC_Cover5
16299.887700211257,-0.0,3.5777726,0.002987610805668668,,,25.0,NCM920305_demo,CC_Cover5
16419.887712728232,-0.0,3.5799389,0.002987610805668668,,,25.0,NCM920305_demo,CC_Cover5
16539.887725245208,-0.0,3.5814753,0.002987610805668668,,,25.0,NCM920305_demo,CC_Cover5
16659.887737762183,-0.0,3.5827751,0.002987610805668668,,,25.0,NCM920305_demo,CC_Cover5
16779.88775027916,-0.0,3.5837204,0.002987610805668668,,,25.0,NCM920305_demo,CC_Cover5
16899.887762796134,-0.0,3.5845082,0.002987610805668668,,,25.0,NCM920305_demo,CC_Cover5
17019.88777531311,-0.0,3.5851383,0.002987610805668668,,,25.0,NCM920305_demo,CC_Cover5
17139.887787830085,-0.0,3.5856504,0.002987610805668668,,,25.0,NCM920305_demo,CC_Cover5
17259.88780034706,-0.0,3.5860837,0.002987610805668668,,,25.0,NCM920305_demo,CC_Cover5
17379.887812864035,-0.0,3.5864775,0.002987610805668668,,,25.0,NCM920305_demo,CC_Cover5
17499.88782538101,-0.0,3.586832,0.002987610805668668,,,25.0,NCM920305_demo,CC_Cover5
