baseline,model,direction,bin_lo,bin_hi,n,mean_resid_mV,sd_resid_mV
D0A,DFN,charge,0.0,0.1,1915,-126.98401355509571,42.33655886495281
D0A,DFN,charge,0.1,0.2,1916,-62.59636501028901,4.055961739534136
D0A,DFN,charge,0.2,0.3,1916,-57.00951078972809,0.6255280271031354
D0A,DFN,charge,0.3,0.4,1916,-54.994367947899164,0.5369403092704919
D0A,DFN,charge,0.4,0.5,1916,-53.51974515314943,0.364461092053917
D0A,DFN,charge,0.5,0.6,1916,-52.38899731961279,0.29197607419653226
D0A,DFN,charge,0.6,0.7,1916,-51.67182404891241,0.16436761405249561
D0A,DFN,charge,0.7,0.8,1916,-51.338209590947656,0.05943858519477236
D0A,DFN,charge,0.8,0.9,1916,-52.54535221438892,0.90922853205731
D0A,DFN,charge,0.9,1.0,1917,-73.91965790600538,30.5082789532265
D0A,DFN,charge,0.0,0.1,1915,-104.75020637013402,30.36310175484109
D0A,DFN,charge,0.1,0.2,1915,-54.619349754310996,3.6697054190319296
D0A,DFN,charge,0.2,0.3,1916,-49.24847674334815,0.5218169415491953
D0A,DFN,charge,0.3,0.4,1915,-47.9902876815,0.2579075840543228
D0A,DFN,charge,0.4,0.5,1916,-47.20384291241365,0.23119418415888135
D0A,DFN,charge,0.5,0.6,1915,-46.413663424419994,0.17620813299642654
D0A,DFN,charge,0.6,0.7,1915,-45.97665681801333,0.14855352585870102
D0A,DFN,charge,0.7,0.8,1916,-45.565448947059636,0.1494571123715287
D0A,DFN,charge,0.8,0.9,1915,-45.52505990347821,0.17813824892194
D0A,DFN,charge,0.9,1.0,1915,-57.77313272397738,25.475864560630992
D0A,DFN,charge,0.0,0.1,1929,-184.08822096457263,83.1397664969016
D0A,DFN,charge,0.1,0.2,1929,-60.43993218559725,8.058097878737504
D0A,DFN,charge,0.2,0.3,1929,-49.376536671404445,0.9398520261685147
D0A,DFN,charge,0.3,0.4,1930,-47.447141960589036,0.2681090842542188
D0A,DFN,charge,0.4,0.5,1929,-46.711775693361346,0.23041504995589634
D0A,DFN,charge,0.5,0.6,1929,-45.86759715817433,0.23923978827390902
D0A,DFN,charge,0.6,0.7,1929,-45.08690261712465,0.2023326590331243
D0A,DFN,charge,0.7,0.8,1930,-44.548699304838344,0.0847014307826341
D0A,DFN,charge,0.8,0.9,1929,-44.717322508029156,0.19195360536820746
D0A,DFN,charge,0.9,1.0,1930,-54.94139132786538,24.442920628239996
D0A,DFN,charge,0.0,0.1,1931,-218.81380163013498,105.85247301439392
D0A,DFN,charge,0.1,0.2,1932,-62.9845193553007,10.166463151614723
D0A,DFN,charge,0.2,0.3,1932,-49.29937381433415,0.9932416912460288
D0A,DFN,charge,0.3,0.4,1932,-47.58806171433104,0.2475002272599815
D0A,DFN,charge,0.4,0.5,1932,-46.82960477096224,0.1757584095050919
D0A,DFN,charge,0.5,0.6,1932,-46.204269008032,0.19569854570357476
D0A,DFN,charge,0.6,0.7,1932,-45.542787657953205,0.20431069870711424
D0A,DFN,charge,0.7,0.8,1932,-45.11766252602308,0.04888055399904996
D0A,DFN,charge,0.8,0.9,1932,-45.316366972808034,0.17893880311261673
D0A,DFN,charge,0.9,1.0,1931,-55.639044613154,23.738722904572935
D0A,DFN,charge,0.0,0.1,1932,-216.79082727609972,105.64366833739501
D0A,DFN,charge,0.1,0.2,1932,-62.570274825664626,10.33341440532807
D0A,DFN,charge,0.2,0.3,1932,-48.91845566517659,0.9008948151715247
D0A,DFN,charge,0.3,0.4,1932,-47.347735465036386,0.23723649239605726
D0A,DFN,charge,0.4,0.5,1933,-46.74224737067899,0.202726842868446
D0A,DFN,charge,0.5,0.6,1932,-45.97218289746017,0.19530097004123248
D0A,DFN,charge,0.6,0.7,1932,-45.29537835005573,0.14165662053797295
D0A,DFN,charge,0.7,0.8,1932,-44.99650983753477,0.02935883828006484
D0A,DFN,charge,0.8,0.9,1932,-45.225520338965694,0.2016220660849584
D0A,DFN,charge,0.9,1.0,1933,-55.29744569994189,23.93833003107766
D0A,DFN,discharge,0.0,0.1,1908,-0.1666504868301925,5.566349660239033
D0A,DFN,discharge,0.1,0.2,1909,-4.574561764392093,0.27483784646184245
D0A,DFN,discharge,0.2,0.3,1909,-5.335705268558808,0.22768390435906044
D0A,DFN,discharge,0.3,0.4,1909,-6.161353300806862,0.20596747061237303
D0A,DFN,discharge,0.4,0.5,1909,-6.827496439557585,0.2123340282707999
D0A,DFN,discharge,0.5,0.6,1909,-7.655983465353803,0.3265426907336244
D0A,DFN,discharge,0.6,0.7,1909,-8.37094242566171,0.11195610222164082
D0A,DFN,discharge,0.7,0.8,1909,-8.562517829546241,0.014497862820448971
D0A,DFN,discharge,0.8,0.9,1909,-8.692980690091504,0.23012461281177693
D0A,DFN,discharge,0.9,1.0,1908,80.64388765243407,195.568475724511
D0A,DFN,discharge,0.0,0.1,1921,1.0093943581533402,8.41417422640167
D0A,DFN,discharge,0.1,0.2,1922,-4.846473421663544,0.21323445120912782
D0A,DFN,discharge,0.2,0.3,1922,-5.694830506786304,0.2794276526956405
D0A,DFN,discharge,0.3,0.4,1922,-6.606670014204216,0.23423163706733383
D0A,DFN,discharge,0.4,0.5,1921,-7.461299732876194,0.253740470759802
D0A,DFN,discharge,0.5,0.6,1922,-8.412194326819149,0.2520825890362372
D0A,DFN,discharge,0.6,0.7,1922,-9.010569495778025,0.1154750259550739
D0A,DFN,discharge,0.7,0.8,1922,-9.237990533488025,0.02710337347065048
D0A,DFN,discharge,0.8,0.9,1922,-9.612097107498473,0.44367577304828515
D0A,DFN,discharge,0.9,1.0,1922,63.41354420249578,184.45718299609123
D0A,DFN,discharge,0.0,0.1,1924,0.6766968113101991,9.16364035519947
D0A,DFN,discharge,0.1,0.2,1925,-5.309111450486499,0.2624766927925615
D0A,DFN,discharge,0.2,0.3,1925,-6.2676533155277445,0.239312648260453
D0A,DFN,discharge,0.3,0.4,1925,-7.101152940699015,0.26996797462473104
D0A,DFN,discharge,0.4,0.5,1925,-8.041524994679271,0.30434843154512015
D0A,DFN,discharge,0.5,0.6,1925,-8.909742189599765,0.20213978984071843
D0A,DFN,discharge,0.6,0.7,1925,-9.485565739996414,0.12466200051088171
D0A,DFN,discharge,0.7,0.8,1925,-9.650521527080127,0.00884928831094539
D0A,DFN,discharge,0.8,0.9,1925,-10.125810400795629,0.524120159538424
D0A,DFN,discharge,0.9,1.0,1925,54.87932214790275,178.90339759390486
D0A,DFN,discharge,0.0,0.1,1925,1.1464561924208234,9.512894852986504
D0A,DFN,discharge,0.1,0.2,1926,-5.372481568966233,0.30505686503689017
D0A,DFN,discharge,0.2,0.3,1926,-6.415082032802158,0.2932895468409514
D0A,DFN,discharge,0.3,0.4,1926,-7.397560579135965,0.27671179733570833
D0A,DFN,discharge,0.4,0.5,1926,-8.356778050922818,0.26377291089110144
D0A,DFN,discharge,0.5,0.6,1926,-9.118710876227848,0.18214813211877126
D0A,DFN,discharge,0.6,0.7,1926,-9.626801832496083,0.1113138538496705
D0A,DFN,discharge,0.7,0.8,1926,-9.897411798325203,0.051365569875035634
D0A,DFN,discharge,0.8,0.9,1926,-10.55644661174642,0.5712084068136039
D0A,DFN,discharge,0.9,1.0,1927,52.01433542915081,178.09493164620994
D0A,DFN,discharge,0.0,0.1,1926,1.1519447197598889,9.909437643346807
D0A,DFN,discharge,0.1,0.2,1926,-5.736313071601678,0.3068191992787474
D0A,DFN,discharge,0.2,0.3,1926,-6.735539377220162,0.3023903598986297
D0A,DFN,discharge,0.3,0.4,1926,-7.774233673107391,0.33234144932746623
D0A,DFN,discharge,0.4,0.5,1926,-8.707344522988945,0.22665394563192176
D0A,DFN,discharge,0.5,0.6,1927,-9.433050155916316,0.17587533625612015
D0A,DFN,discharge,0.6,0.7,1926,-9.791208689927604,0.08633267522406274
D0A,DFN,discharge,0.7,0.8,1926,-9.967684176244001,0.029325966511798505
D0A,DFN,discharge,0.8,0.9,1926,-10.59428027831877,0.5616086323332743
D0A,DFN,discharge,0.9,1.0,1926,50.8098967114014,176.9704302246107
D0A,SPMe,charge,0.0,0.1,1915,-127.08385708996413,42.336908379531884
D0A,SPMe,charge,0.1,0.2,1916,-62.69547291804841,4.056376315406348
D0A,SPMe,charge,0.2,0.3,1916,-57.108182311496726,0.6251572529559273
D0A,SPMe,charge,0.3,0.4,1916,-55.09419715114578,0.5367780617388926
D0A,SPMe,charge,0.4,0.5,1916,-53.619803603614024,0.36444799900637515
D0A,SPMe,charge,0.5,0.6,1916,-52.489073423635716,0.29197515552868825
D0A,SPMe,charge,0.6,0.7,1916,-51.771901383024044,0.16436755092685365
D0A,SPMe,charge,0.7,0.8,1916,-51.43828701759887,0.05943858613757964
D0A,SPMe,charge,0.8,0.9,1916,-52.64542965743423,0.9092285383571816
D0A,SPMe,charge,0.9,1.0,1917,-74.0206206995055,30.51006319871001
D0A,SPMe,charge,0.0,0.1,1915,-104.85001234816312,30.363545244236132
D0A,SPMe,charge,0.1,0.2,1915,-54.7183433666071,3.670141811991107
D0A,SPMe,charge,0.2,0.3,1916,-49.34724003623651,0.5214067898404382
D0A,SPMe,charge,0.3,0.4,1915,-48.090158300198674,0.2577694986819614
D0A,SPMe,charge,0.4,0.5,1916,-47.303903872264186,0.2311836408855597
D0A,SPMe,charge,0.5,0.6,1915,-46.51373876028658,0.1762073586921179
D0A,SPMe,charge,0.6,0.7,1915,-46.07673315590212,0.14855347138369976
D0A,SPMe,charge,0.7,0.8,1916,-45.66552536191054,0.14945710663348014
D0A,SPMe,charge,0.8,0.9,1915,-45.62513633718456,0.1781382621064363
D0A,SPMe,charge,0.9,1.0,1915,-57.87478402899701,25.4782759516957
D0A,SPMe,charge,0.0,0.1,1929,-184.1880882496935,83.14004951256727
D0A,SPMe,charge,0.1,0.2,1929,-60.5393799103964,8.058415110781544
D0A,SPMe,charge,0.2,0.3,1929,-49.475023304291355,0.9397580612333766
D0A,SPMe,charge,0.3,0.4,1930,-47.54678676435749,0.267838571395148
D0A,SPMe,charge,0.4,0.5,1929,-46.81181542482509,0.23039135301023864
D0A,SPMe,charge,0.5,0.6,1929,-45.96766966995206,0.23923810647898236
D0A,SPMe,charge,0.6,0.7,1929,-45.18697738172113,0.20233254171793397
D0A,SPMe,charge,0.7,0.8,1930,-44.64877422960191,0.0847014204664677
D0A,SPMe,charge,0.8,0.9,1929,-44.81739745182672,0.19195360850344179
D0A,SPMe,charge,0.9,1.0,1930,-55.04155974264625,24.44313173893986
D0A,SPMe,charge,0.0,0.1,1931,-218.91373750737648,105.85270132908315
D0A,SPMe,charge,0.1,0.2,1932,-63.08407624437169,10.166736281353925
D0A,SPMe,charge,0.2,0.3,1932,-49.39784938669785,0.9932858022352451
D0A,SPMe,charge,0.3,0.4,1932,-47.687621472600156,0.24718875075223992
D0A,SPMe,charge,0.4,0.5,1932,-46.929639538816666,0.17572664951427744
D0A,SPMe,charge,0.5,0.6,1932,-46.30434508297292,0.19569638975620068
D0A,SPMe,charge,0.6,0.7,1932,-45.642866569075416,0.20431055523267191
D0A,SPMe,charge,0.7,0.8,1932,-45.217741635927446,0.04888054211300418
D0A,SPMe,charge,0.8,0.9,1932,-45.4164461042232,0.17893880619932717
D0A,SPMe,charge,0.9,1.0,1931,-55.739156463980805,23.738797958142435
D0A,SPMe,charge,0.0,0.1,1932,-216.89074204494486,105.6439268425331
D0A,SPMe,charge,0.1,0.2,1932,-62.6698344602239,10.33368696463021
D0A,SPMe,charge,0.2,0.3,1932,-49.01693141018084,0.90094209533083
D0A,SPMe,charge,0.3,0.4,1932,-47.447292878152645,0.2369239929214467
D0A,SPMe,charge,0.4,0.5,1933,-46.84228206585532,0.20269862685610218
D0A,SPMe,charge,0.5,0.6,1932,-46.07225914146934,0.19529883481408952
D0A,SPMe,charge,0.6,0.7,1932,-45.39545744414025,0.14165647026213435
D0A,SPMe,charge,0.7,0.8,1932,-45.09658913133545,0.029358827078876285
D0A,SPMe,charge,0.8,0.9,1932,-45.325599654338916,0.2016220691382058
D0A,SPMe,charge,0.9,1.0,1933,-55.397557364782784,23.938403810325998
D0A,SPMe,discharge,0.0,0.1,1908,-0.06965195645850013,5.567297519937957
D0A,SPMe,discharge,0.1,0.2,1909,-4.474747225828093,0.27483299880983497
D0A,SPMe,discharge,0.2,0.3,1909,-5.235887756883661,0.22768390576936792
D0A,SPMe,discharge,0.3,0.4,1909,-6.061535778280928,0.20596745964793228
D0A,SPMe,discharge,0.4,0.5,1909,-6.727678647500116,0.21233382570531759
D0A,SPMe,discharge,0.5,0.6,1909,-7.556161679535708,0.32653967038734033
D0A,SPMe,discharge,0.6,0.7,1909,-8.271064332189292,0.11191548015557001
D0A,SPMe,discharge,0.7,0.8,1909,-8.462046188070207,0.01462918788265436
D0A,SPMe,discharge,0.8,0.9,1909,-8.591537425183382,0.23033619683224552
D0A,SPMe,discharge,0.9,1.0,1908,80.74413293423302,195.56833526252322
D0A,SPMe,discharge,0.0,0.1,1921,1.1064184734516778,8.415362875913798
D0A,SPMe,discharge,0.1,0.2,1922,-4.746660178379213,0.21322726266050354
D0A,SPMe,discharge,0.2,0.3,1922,-5.5950124440170725,0.27942765418915594
D0A,SPMe,discharge,0.3,0.4,1922,-6.506851941539835,0.23423162549997667
D0A,SPMe,discharge,0.4,0.5,1921,-7.361481399147855,0.25374026984148534
D0A,SPMe,discharge,0.5,0.6,1922,-8.31237205067368,0.2520798035523046
D0A,SPMe,discharge,0.6,0.7,1922,-8.910690622820894,0.11543532635877504
D0A,SPMe,discharge,0.7,0.8,1922,-9.137508531093953,0.026971577267430814
D0A,SPMe,discharge,0.8,0.9,1922,-9.510661632981769,0.44389602593428
D0A,SPMe,discharge,0.9,1.0,1922,63.51377176422303,184.4570600858478
D0A,SPMe,discharge,0.0,0.1,1924,0.7737405919574443,9.164884849456417
D0A,SPMe,discharge,0.1,0.2,1925,-5.209302767105501,0.262469413996138
D0A,SPMe,discharge,0.2,0.3,1925,-6.1678393670891305,0.23931264979809194
D0A,SPMe,discharge,0.3,0.4,1925,-7.0013389825028804,0.2699679635230002
D0A,SPMe,discharge,0.4,0.5,1925,-7.941710775901052,0.30434823143994594
D0A,SPMe,discharge,0.5,0.6,1925,-8.809924017653666,0.20213685838079398
D0A,SPMe,discharge,0.6,0.7,1925,-9.385690596994978,0.12462181002698587
D0A,SPMe,discharge,0.7,0.8,1925,-9.550038769464692,0.008886927864726014
D0A,SPMe,discharge,0.8,0.9,1925,-10.024382106611744,0.5243449235796803
D0A,SPMe,discharge,0.9,1.0,1925,54.979539691711416,178.9032834030426
D0A,SPMe,discharge,0.0,0.1,1925,1.2434519653887595,9.514110076939978
D0A,SPMe,discharge,0.1,0.2,1926,-5.272670103509812,0.30504903860397165
D0A,SPMe,discharge,0.2,0.3,1926,-6.315265190699287,0.29328954836001747
D0A,SPMe,discharge,0.3,0.4,1926,-7.2977437272832635,0.27671178605353763
D0A,SPMe,discharge,0.4,0.5,1926,-8.256960938139247,0.26377271385915113
D0A,SPMe,discharge,0.5,0.6,1926,-9.018889799232388,0.1821452176274412
D0A,SPMe,discharge,0.6,0.7,1926,-9.526923547464492,0.11127292601281207
D0A,SPMe,discharge,0.7,0.8,1926,-9.796923497219597,0.05099411612845387
D0A,SPMe,discharge,0.8,0.9,1926,-10.45501671566806,0.5714320049903177
D0A,SPMe,discharge,0.9,1.0,1927,52.11455302826489,178.09482070396666
D0A,SPMe,discharge,0.0,0.1,1926,1.248939111489591,9.910656044953047
D0A,SPMe,discharge,0.1,0.2,1926,-5.636501675565448,0.3068103444684326
D0A,SPMe,discharge,0.2,0.3,1926,-6.635722403443578,0.30239036142433195
D0A,SPMe,discharge,0.3,0.4,1926,-7.674416689714744,0.33234143830765545
D0A,SPMe,discharge,0.4,0.5,1926,-8.607527280644574,0.2266537484909359
D0A,SPMe,discharge,0.5,0.6,1927,-9.333228974344614,0.17587254239229302
D0A,SPMe,discharge,0.6,0.7,1926,-9.691330629969405,0.08629160835383724
D0A,SPMe,discharge,0.7,0.8,1926,-9.86719860219852,0.02898694713738826
D0A,SPMe,discharge,0.8,0.9,1926,-10.492849219184592,0.5618294941094709
D0A,SPMe,discharge,0.9,1.0,1926,50.910116608798944,176.97031989472282
D0A,SPM,charge,0.0,0.1,1915,-127.20587864863887,42.336879353422795
D0A,SPM,charge,0.1,0.2,1916,-62.817484892051745,4.056376230849358
D0A,SPM,charge,0.2,0.3,1916,-57.23019460933466,0.6251572429059977
D0A,SPM,charge,0.3,0.4,1916,-55.216209476073075,0.5367780553902423
D0A,SPM,charge,0.4,0.5,1916,-53.741815950611965,0.36444799261755867
D0A,SPM,charge,0.5,0.6,1916,-52.61108579281089,0.2919751491243984
D0A,SPM,charge,0.6,0.7,1916,-51.89391377441236,0.16436754457921904
D0A,SPM,charge,0.7,0.8,1916,-51.56029943120544,0.05943858823722993
D0A,SPM,charge,0.8,0.9,1916,-52.767442093258964,0.9092285445537054
D0A,SPM,charge,0.9,1.0,1917,-74.142633158204,30.510063205161778
D0A,SPM,charge,0.0,0.1,1915,-104.97202589430906,30.363510494739387
D0A,SPM,charge,0.1,0.2,1915,-54.840353860784035,3.670141686921186
D0A,SPM,charge,0.2,0.3,1916,-49.469250831718355,0.5214067804654557
D0A,SPM,charge,0.3,0.4,1915,-48.212169120792375,0.25776949232397933
D0A,SPM,charge,0.4,0.5,1916,-47.425914714954885,0.23118363449971205
D0A,SPM,charge,0.5,0.6,1915,-46.635749625153615,0.17620735254362585
D0A,SPM,charge,0.6,0.7,1915,-46.198744042971036,0.148553465053064
D0A,SPM,charge,0.7,0.8,1916,-45.7875362711913,0.14945710035034476
D0A,SPM,charge,0.8,0.9,1915,-45.747147268676464,0.17813826802568303
D0A,SPM,charge,0.9,1.0,1915,-57.99679498533279,25.478275962736785
D0A,SPM,charge,0.0,0.1,1929,-184.31013651838737,83.13999740754195
D0A,SPM,charge,0.1,0.2,1929,-60.661390270783926,8.058415154577403
D0A,SPM,charge,0.2,0.3,1929,-49.5970339982749,0.9397580044023265
D0A,SPM,charge,0.3,0.4,1930,-47.66879751792837,0.2678385648603779
D0A,SPM,charge,0.4,0.5,1929,-46.93382620076324,0.23039134660388716
D0A,SPM,charge,0.5,0.6,1929,-46.08968046819922,0.2392381000301836
D0A,SPM,charge,0.6,0.7,1929,-45.30898820233094,0.2023325352721022
D0A,SPM,charge,0.7,0.8,1930,-44.77078507258854,0.08470141447841886
D0A,SPM,charge,0.8,0.9,1929,-44.939408317190406,0.19195361477345996
D0A,SPM,charge,0.9,1.0,1930,-55.163570630387966,24.443131742525594
D0A,SPM,charge,0.0,0.1,1931,-219.03572186012198,105.85271159476332
D0A,SPM,charge,0.1,0.2,1932,-63.20609250472421,10.166736398010407
D0A,SPM,charge,0.2,0.3,1932,-49.51986598826494,0.9932857260786305
D0A,SPM,charge,0.3,0.4,1932,-47.80963815146491,0.24718874410235617
D0A,SPM,charge,0.4,0.5,1932,-47.051656240189,0.1757266432015297
D0A,SPM,charge,0.5,0.6,1932,-46.4263618066805,0.1956963833106963
D0A,SPM,charge,0.6,0.7,1932,-45.76488331518053,0.2043105487905644
D0A,SPM,charge,0.7,0.8,1932,-45.33975840444162,0.04888053650721128
D0A,SPM,charge,0.8,0.9,1932,-45.53846289514628,0.17893881246277651
D0A,SPM,charge,0.9,1.0,1931,-55.861173277300516,23.738797961771766
D0A,SPM,charge,0.0,0.1,1932,-217.0127485020878,105.64392693351336
D0A,SPM,charge,0.1,0.2,1932,-62.791850946968076,10.33368704020554
D0A,SPM,charge,0.2,0.3,1932,-49.138948262700055,0.9009420172819229
D0A,SPM,charge,0.3,0.4,1932,-47.56930980991495,0.23692398625499003
D0A,SPM,charge,0.4,0.5,1933,-46.96429902007638,0.2026986205400624
D0A,SPM,charge,0.5,0.6,1932,-46.19427611804585,0.19529882837814055
D0A,SPM,charge,0.6,0.7,1932,-45.517474443115546,0.14165646385956607
D0A,SPM,charge,0.7,0.8,1932,-45.21860615272034,0.029358822148437824
D0A,SPM,charge,0.8,0.9,1932,-45.44761669813297,0.20162207534805535
D0A,SPM,charge,0.9,1.0,1933,-55.51957443098596,23.93840381386631
D0A,SPM,discharge,0.0,0.1,1908,0.052409227335562976,5.5672971558696664
D0A,SPM,discharge,0.1,0.2,1909,-4.352697713802052,0.27483300514653336
D0A,SPM,discharge,0.2,0.3,1909,-5.113838266997358,0.22768391214591832
D0A,SPM,discharge,0.3,0.4,1909,-5.939486310533502,0.20596746593890608
D0A,SPM,discharge,0.4,0.5,1909,-6.605629201892242,0.21233383208868337
D0A,SPM,discharge,0.5,0.6,1909,-7.434112256092326,0.32653967672919804
D0A,SPM,discharge,0.6,0.7,1909,-8.149014931136207,0.11191548667809045
D0A,SPM,discharge,0.7,0.8,1909,-8.339996811374103,0.014629185991898412
D0A,SPM,discharge,0.8,0.9,1909,-8.46948801968839,0.23033613007051762
D0A,SPM,discharge,0.9,1.0,1908,80.86618204077789,195.56833505631636
D0A,SPM,discharge,0.0,0.1,1921,1.2285002278162356,8.415374826849943
D0A,SPM,discharge,0.1,0.2,1922,-4.624610353203979,0.21322726908890338
D0A,SPM,discharge,0.2,0.3,1922,-5.472962641132625,0.27942766061824575
D0A,SPM,discharge,0.3,0.4,1922,-6.384802160944511,0.2342316319100786
D0A,SPM,discharge,0.4,0.5,1921,-7.239431640836651,0.25374027625526885
D0A,SPM,discharge,0.5,0.6,1922,-8.190322314671748,0.25207980993207857
D0A,SPM,discharge,0.6,0.7,1922,-8.788640909349285,0.11543533287770155
D0A,SPM,discharge,0.7,0.8,1922,-9.0154588422105,0.0269715809045619
D0A,SPM,discharge,0.8,0.9,1922,-9.388611912885638,0.4438959581360183
D0A,SPM,discharge,0.9,1.0,1922,63.6358211900794,184.45705988297905
D0A,SPM,discharge,0.0,0.1,1924,0.8957626311171007,9.164857144462825
D0A,SPM,discharge,0.1,0.2,1925,-5.087258076150732,0.2624694204282449
D0A,SPM,discharge,0.2,0.3,1925,-6.045794698458084,0.2393126561694091
D0A,SPM,discharge,0.3,0.4,1925,-6.879294336193747,0.2699679699561222
D0A,SPM,discharge,0.4,0.5,1925,-7.81966615191452,0.30434823786678566
D0A,SPM,discharge,0.5,0.6,1925,-8.687879416016111,0.2021368648363018
D0A,SPM,discharge,0.6,0.7,1925,-9.2636460179362,0.12462181658098484
D0A,SPM,discharge,0.7,0.8,1925,-9.42799421759134,0.008886924254216602
D0A,SPM,discharge,0.8,0.9,1925,-9.902337517159614,0.524344851957093
D0A,SPM,discharge,0.9,1.0,1925,55.10158397756664,178.90328321258923
D0A,SPM,discharge,0.0,0.1,1925,1.365490779387414,9.51409950689784
D0A,SPM,discharge,0.1,0.2,1926,-5.150621896244343,0.30504904505045216
D0A,SPM,discharge,0.2,0.3,1926,-6.193217005769915,0.29328955480521773
D0A,SPM,discharge,0.3,0.4,1926,-7.175695564688645,0.27671179249722017
D0A,SPM,discharge,0.4,0.5,1926,-8.134912797880114,0.2637727203008446
D0A,SPM,discharge,0.5,0.6,1926,-8.896841681334925,0.18214522407953487
D0A,SPM,discharge,0.6,0.7,1926,-9.404875452161512,0.11127293259337655
D0A,SPM,discharge,0.7,0.8,1926,-9.674875426422606,0.050994123945008275
D0A,SPM,discharge,0.8,0.9,1926,-10.332968609353927,0.5714319331374339
D0A,SPM,discharge,0.9,1.0,1927,52.236600797791894,178.09482052526383
D0A,SPM,discharge,0.0,0.1,1926,1.3710196434312976,9.910665178057103
D0A,SPM,discharge,0.1,0.2,1926,-5.51445334935089,0.30681035089475545
D0A,SPM,discharge,0.2,0.3,1926,-6.513674099565814,0.30239036786630713
D0A,SPM,discharge,0.3,0.4,1926,-7.552368408171738,0.3323414447465075
D0A,SPM,discharge,0.4,0.5,1926,-8.485479021436978,0.22665375493596668
D0A,SPM,discharge,0.5,0.6,1927,-9.211180737505728,0.1758725487992399
D0A,SPM,discharge,0.6,0.7,1926,-9.569282415724048,0.0862916149111482
D0A,SPM,discharge,0.7,0.8,1926,-9.745150412500388,0.028986954136396986
D0A,SPM,discharge,0.8,0.9,1926,-10.37080099105111,0.5618294132369791
D0A,SPM,discharge,0.9,1.0,1926,51.032164493360085,176.9703197189307
D0B,DFN,charge,0.0,0.1,1915,-27.291085397822606,53.94148440362465
D0B,DFN,charge,0.1,0.2,1916,-3.6228080707771455,0.3562197003216677
D0B,DFN,charge,0.2,0.3,1916,-4.365344253084787,0.22020811444019991
D0B,DFN,charge,0.3,0.4,1916,-4.36142144361699,0.12462379505743297
D0B,DFN,charge,0.4,0.5,1916,-4.652769566558182,0.15809520735849733
D0B,DFN,charge,0.5,0.6,1916,-5.217649042200572,0.1854796708954402
D0B,DFN,charge,0.6,0.7,1916,-5.27586989570878,0.024842311052041797
D0B,DFN,charge,0.7,0.8,1916,-5.357606686558585,0.17712809180239436
D0B,DFN,charge,0.8,0.9,1916,-6.668312742829833,0.7664364392563738
D0B,DFN,charge,0.9,1.0,1917,-21.862642369391153,21.93234089851125
D0B,DFN,charge,0.0,0.1,1929,-131.3966279629018,173.86260729219694
D0B,DFN,charge,0.1,0.2,1929,3.8953880429333476,0.46495817910305975
D0B,DFN,charge,0.2,0.3,1929,3.998302616187755,0.1998452922498677
D0B,DFN,charge,0.3,0.4,1930,3.615050804501836,0.3011175783604702
D0B,DFN,charge,0.4,0.5,1929,2.5681368228640626,0.2828456257594066
D0B,DFN,charge,0.5,0.6,1929,1.6518226318405613,0.2793780206532366
D0B,DFN,charge,0.6,0.7,1929,1.4006431716072107,0.08039557288485787
D0B,DFN,charge,0.7,0.8,1930,1.5246691844061888,0.06784138201587314
D0B,DFN,charge,0.8,0.9,1929,1.0882391527701065,0.13291085480988188
D0B,DFN,charge,0.9,1.0,1930,-6.905732039284957,22.59388639208654
D0B,DFN,charge,0.0,0.1,1931,-186.52245331399183,211.16627716260575
D0B,DFN,charge,0.1,0.2,1932,4.329265702764074,0.47656948304747715
D0B,DFN,charge,0.2,0.3,1932,4.427839009366568,0.23202514691239023
D0B,DFN,charge,0.3,0.4,1932,3.6257815346662756,0.30495154067270774
D0B,DFN,charge,0.4,0.5,1932,2.596757668766958,0.35627348141071186
D0B,DFN,charge,0.5,0.6,1932,1.4751354591008856,0.3291877749029805
D0B,DFN,charge,0.6,0.7,1932,0.9801467988884484,0.08807203013742052
D0B,DFN,charge,0.7,0.8,1932,0.990194799409623,0.07491930596875013
D0B,DFN,charge,0.8,0.9,1932,0.4783622392806684,0.15014253635537675
D0B,DFN,charge,0.9,1.0,1931,-8.237534838037403,22.47827974854069
D0B,DFN,charge,0.0,0.1,1932,-185.08213409289354,209.50059014907703
D0B,DFN,charge,0.1,0.2,1932,4.829950551932649,0.5340881783230269
D0B,DFN,charge,0.2,0.3,1932,4.818437696117162,0.2928549652543433
D0B,DFN,charge,0.3,0.4,1932,3.8696255284298626,0.3138858780629068
D0B,DFN,charge,0.4,0.5,1933,2.688212262561944,0.33097752280209103
D0B,DFN,charge,0.5,0.6,1932,1.7104578565248014,0.3295960584432385
D0B,DFN,charge,0.6,0.7,1932,1.2283800620598173,0.0520121851163858
D0B,DFN,charge,0.7,0.8,1932,1.112084762926353,0.08883340718349331
D0B,DFN,charge,0.8,0.9,1932,0.5690749271871517,0.17182128357107448
D0B,DFN,charge,0.9,1.0,1933,-7.902453740527279,22.704813064059906
D0B,DFN,discharge,0.0,0.1,1921,0.43111779038228737,8.680571948383484
D0B,DFN,discharge,0.1,0.2,1922,-2.1301532947008837,0.27610768260072965
D0B,DFN,discharge,0.2,0.3,1922,-1.2925038532140318,0.21300021224491275
D0B,DFN,discharge,0.3,0.4,1922,-0.8473664590147767,0.06059885160163782
D0B,DFN,discharge,0.4,0.5,1921,-1.023667646777685,0.045521000878778466
D0B,DFN,discharge,0.5,0.6,1922,-1.1457221787983891,0.08767601771919795
D0B,DFN,discharge,0.6,0.7,1922,-1.0224916410129126,0.018693913336126546
D0B,DFN,discharge,0.7,0.8,1922,-1.0657068232659204,0.02519330704659317
D0B,DFN,discharge,0.8,0.9,1922,-1.3176404591419755,0.21419987055564427
D0B,DFN,discharge,0.9,1.0,1922,-45.646565992717356,71.20619372121179
D0B,DFN,discharge,0.0,0.1,1924,0.6046866124526603,11.584827395502609
D0B,DFN,discharge,0.1,0.2,1925,-2.6026983394398697,0.22878786343886157
D0B,DFN,discharge,0.2,0.3,1925,-1.87284135809141,0.2580821941143965
D0B,DFN,discharge,0.3,0.4,1925,-1.3443516819741665,0.06770187645195179
D0B,DFN,discharge,0.4,0.5,1925,-1.604730888757164,0.0938597553094776
D0B,DFN,discharge,0.5,0.6,1925,-1.6426098386088788,0.11281410030888525
D0B,DFN,discharge,0.6,0.7,1925,-1.4967389798323192,0.02147769051104466
D0B,DFN,discharge,0.7,0.8,1925,-1.4783217927695478,0.016271168276263886
D0B,DFN,discharge,0.8,0.9,1925,-1.8266176862049444,0.2892703900733862
D0B,DFN,discharge,0.9,1.0,1916,-60.49081309316092,93.59438045439859
D0B,DFN,discharge,0.0,0.1,1925,1.2205801543920187,12.426299683847802
D0B,DFN,discharge,0.1,0.2,1926,-2.6682620946106255,0.18658498929148984
D0B,DFN,discharge,0.2,0.3,1926,-2.021584601294694,0.1995242402347697
D0B,DFN,discharge,0.3,0.4,1926,-1.6409943863353715,0.07551613508990324
D0B,DFN,discharge,0.4,0.5,1926,-1.9197545497218795,0.05192127398881774
D0B,DFN,discharge,0.5,0.6,1926,-1.8507007458545874,0.13365143565320844
D0B,DFN,discharge,0.6,0.7,1926,-1.6374739657191981,0.01303852720232863
D0B,DFN,discharge,0.7,0.8,1926,-1.7252532695093292,0.05909116108333897
D0B,DFN,discharge,0.8,0.9,1926,-2.2549703923018134,0.3355624005526003
D0B,DFN,discharge,0.9,1.0,1911,-66.57879216161176,102.95332199998235
D0B,DFN,discharge,0.0,0.1,1926,1.4578657807402517,13.713856880335184
D0B,DFN,discharge,0.1,0.2,1926,-3.0366479165178695,0.18717390271716722
D0B,DFN,discharge,0.2,0.3,1926,-2.3466890357118833,0.19060982296571036
D0B,DFN,discharge,0.3,0.4,1926,-2.019882154397809,0.12231248307745145
D0B,DFN,discharge,0.4,0.5,1926,-2.2723024190546774,0.015922678575130828
D0B,DFN,discharge,0.5,0.6,1927,-2.1674943025563462,0.14310275722956728
D0B,DFN,discharge,0.6,0.7,1926,-1.802678933574546,0.025839195371984473
D0B,DFN,discharge,0.7,0.8,1926,-1.795493276012868,0.03722222694213658
D0B,DFN,discharge,0.8,0.9,1926,-2.294689042559064,0.32810964328138753
D0B,DFN,discharge,0.9,1.0,1915,-65.46516409399193,101.37883655323257
