Time [s],Voltage [V],Current [mA],Capacity [mAh],Temperature [K]
557463.7828848138,4.1933937,0.0,0.0,298.15
557583.7968973331,4.1839008,-0.6879981820586324,7.644534773296781e-07,298.15
557583.8388973381,4.1788192,-0.6879841316843841,8.790935973326366e-06,298.15
557583.920897346,4.1738167,-0.6879703586856806,2.446137342188094e-05,298.15
557584.2108973768,4.1688142,-0.6879747121155374,7.988156444496579e-05,298.15
557592.8088982736,4.1637726,-0.6879708638841335,0.001722985482414563,298.15
557652.8089045321,4.159873,-0.6879711073269782,0.01318917180054718,298.15
557712.8089107906,4.158967,-0.6879711173147288,0.02465535828514231,298.15
557772.8089170491,4.1583366,-0.6879727821497698,0.03612157251699103,298.15
557832.8089233076,4.1579037,-0.687972686148552,0.04758778514881928,298.15
557892.8089295661,4.1574702,-0.6879718033104745,0.05905398306667804,298.15
557952.8089358245,4.1570764,-0.687972118221648,0.0705201862330569,298.15
558012.808942083,4.1568398,-0.6879708835910332,0.08198636882225671,298.15
558072.8089483415,4.1564856,-0.6879707562596308,0.09345254928926626,298.15
558132.8089546,4.1563277,-0.6879700959634184,0.1049187187513378,298.15
558192.8089608585,4.1559734,-0.6879708783895351,0.116384901253846,298.15
558252.808967117,4.1556978,-0.6879712943822286,0.1278510906895664,298.15
558312.8089733755,4.1555009,-0.6879699804059188,0.1393172582256794,298.15
558372.808979634,4.1550674,-0.687968406909026,0.1507833995368414,298.15
558432.8089858925,4.1549492,-0.6879652519421264,0.1622494882652163,298.15
558492.8089921509,4.1545949,-0.6879668044720944,0.1737156028690934,298.15
558552.8089984094,4.1543584,-0.687964768902162,0.1851816835468014,298.15
558612.8090046679,4.1539645,-0.687964667268306,0.1966477625306116,298.15
558672.8090109264,4.1535311,-0.6879656963682194,0.2081138586660888,298.15
558732.8090171849,4.1530585,-0.6879642129319485,0.2195799300776256,298.15
558792.8090234434,4.1526647,-0.6879644305743127,0.2310460051165356,298.15
558852.8090297019,4.1519952,-0.6879654862857103,0.2425120977506373,298.15
558912.8090359604,4.1513648,-0.6879657620366364,0.2539781949805882,298.15
558972.8090422188,4.1507344,-0.6879657280182824,0.2654442916435665,298.15
559032.8090484773,4.1497498,-0.6879682316157576,0.2769104300331738,298.15
559092.8090547358,4.1488833,-0.6879678764754266,0.2883765625037749,298.15
559152.8090609943,4.1479378,-0.6879685427440236,0.2998427060788538,298.15
559212.8090672528,4.1467957,-0.6879696837039622,0.3113088686699337,298.15
559272.8090735113,4.145535,-0.68796964735308,0.3227750306551654,298.15
559332.8090797698,4.1440778,-0.6879674234901075,0.3342411555760105,298.15
559392.8090860283,4.1423445,-0.6879660791929182,0.3457072580919,298.15
559452.8090922867,4.1406112,-0.6879663044865311,0.3571733643626835,298.15
559512.8090985452,4.1386027,-0.6879660028632181,0.3686394656064112,298.15
559572.8091048037,4.1362391,-0.6879661624625851,0.3801055695101286,298.15
559632.8091110622,4.1338758,-0.687967716415117,0.3915716993130577,298.15
559692.8091173207,4.1312366,-0.6879674833391252,0.4030378252313864,298.15
559752.8091235792,4.1283216,-0.6879650076405944,0.4145039098880687,298.15
559812.8091298377,4.1251707,-0.6879648354249123,0.4259699916744893,298.15
559872.8091360962,4.1219802,-0.6879657470043467,0.4374360886539021,298.15
559932.8091423546,4.1185532,-0.6879655369377321,0.4489021821322043,298.15
559992.8091486131,4.1148505,-0.6879655775423987,0.460368276287251,298.15
560052.8091548716,4.1110296,-0.6879658046400453,0.4718343742272588,298.15
560112.8091611301,4.107091,-0.6879659089739913,0.4833004739061659,298.15
560172.8091673886,4.1029549,-0.6879636286713868,0.4947665355800257,298.15
560232.8091736471,4.0988188,-0.6879631757973298,0.5062325897059837,298.15
560292.8091799056,4.094368,-0.6879643211680116,0.517698662921455,298.15
560352.809186164,4.0899167,-0.6879660232499912,0.5291647645049624,298.15
560412.8091924225,4.0853872,-0.6879656090970944,0.5406308591859207,298.15
560472.809198681,4.0808969,-0.6879644629376445,0.5520969347642195,298.15
560532.8092049395,4.0762091,-0.6879644439813827,0.5635630100265806,298.15
560592.809211198,4.0717583,-0.6879641789016736,0.5750290808709461,298.15
560652.8092174565,4.0671496,-0.6879656570410788,0.5864951763509709,298.15
560712.809223715,4.0627379,-0.6879652730322344,0.5979612654308477,298.15
560772.8092299735,4.0582476,-0.6879660804128265,0.6094273679670691,298.15
560832.809236232,4.0539145,-0.687966006944149,0.6208934692788124,298.15
560892.8092424904,4.0497789,-0.6879647254901169,0.6323595492329862,298.15
560952.8092487489,4.0456429,-0.6879645875828647,0.6438256268887056,298.15
561012.8092550074,4.041625,-0.6879650178310008,0.655291711715228,298.15
561072.8092612659,4.0378041,-0.6879667796706042,0.666757825905747,298.15
561132.8092675244,4.0340228,-0.6879657843466527,0.6782239235075316,298.15
561192.8092737829,4.0303993,-0.6879648430781479,0.6896900054215062,298.15
561252.8092800414,4.026854,-0.6879651383714482,0.7011560922570362,298.15
561312.8092862999,4.0235057,-0.6879653563893214,0.7126221827261979,298.15
561372.8092925583,4.0201974,-0.6879658698316253,0.7240882817527322,298.15
561432.8092988168,4.0170856,-0.6879651921547004,0.7355543694846499,298.15
561492.8093050753,4.0140524,-0.6879665531471489,0.7470204798997775,298.15
561552.8093113338,4.0109406,-0.6879673500830216,0.7584866035971709,298.15
561612.8093175923,4.0080652,-0.6879658200180421,0.7699527017934787,298.15
561672.8093238508,4.0051899,-0.6879643055595437,0.7814187747488089,298.15
561732.8093301093,4.0024719,-0.6879659844751871,0.7928848756860695,298.15
561792.8093363678,3.9998329,-0.6879655828571457,0.8043509699296952,298.15
561852.8093426262,3.9972725,-0.6879660180027963,0.8158170714257493,298.15
561912.8093488847,3.9948304,-0.6879659406916064,0.8272831716332835,298.15
561972.8093551432,3.9924669,-0.6879657322978955,0.8387492683675887,298.15
562032.8093614017,3.9900641,-0.6879659076765972,0.8502153680248725,298.15
562092.8093676602,3.9875433,-0.6879661631261834,0.86168147193965,298.15
562152.8093739187,3.9852192,-0.687967073757904,0.8731475910316243,298.15
562212.8093801772,3.9830134,-0.6879673145368019,0.8846137141365807,298.15
562272.8093864357,3.9806499,-0.6879667311405075,0.8960798275182645,298.15
562332.8093926942,3.9783261,-0.6879657968636268,0.9075459253286654,298.15
562392.8093989526,3.9760416,-0.6879662103191494,0.9190120300299924,298.15
562452.8094052111,3.9738357,-0.6879685092144276,0.9304781730462446,298.15
562512.8094114696,3.9714723,-0.6879681882295412,0.9419443107127482,298.15
562572.8094177281,3.9691877,-0.6879681107653661,0.953410447088182,298.15
562632.8094239866,3.9668636,-0.6879683516455919,0.9648765874782868,298.15
562692.8094302451,3.9644215,-0.687967392112239,0.9763427118761674,298.15
562752.8094365036,3.9619794,-0.6879664388353863,0.9878088203860989,298.15
562812.809442762,3.959419,-0.6879687146934718,0.999274966827002,298.15
562872.8094490205,3.9570162,-0.6879748208986161,1.010741215038002,298.15
562932.809455279,3.9544954,-0.6879745938327587,1.02220745946457,298.15
562992.8094615375,3.9519744,-0.6879737206824217,1.033673689338631,298.15
563052.809467796,3.9492564,-0.6879702001185506,1.045139860536622,298.15
563112.8094740545,3.9466567,-0.687971253187476,1.056606049285763,298.15
563172.809480313,3.9440176,-0.6879716752816977,1.068072245069809,298.15
563232.8094865715,3.9411817,-0.6879708014776964,1.079538426290453,298.15
563292.80949283,3.9383061,-0.687970587596385,1.091004603946408,298.15
563352.8094990884,3.9356277,-0.6879703683168802,1.102470777947705,298.15
563412.8095053469,3.9326735,-0.687971684405181,1.113936973883808,298.15
563472.8095116054,3.9298375,-0.6879742879020172,1.12540321321153,298.15
563532.8095178639,3.9268439,-0.6879736191518804,1.136869441393416,298.15
563592.8095241224,3.9238107,-0.6879729678420607,1.148335658720136,298.15
563652.8095303809,3.9208171,-0.6879725522606394,1.159801869120499,298.15
563712.8095366394,3.9176266,-0.687972005415896,1.171268070406782,298.15
563772.8095428979,3.9144754,-0.6879714843581062,1.182734263008767,298.15
563832.8095491563,3.9113243,-0.6879708723555589,1.194200445410709,298.15
563892.8095554148,3.9082124,-0.687972454477243,1.205666654181349,298.15
563952.8095616733,3.9049826,-0.6879692687523632,1.217132809856568,298.15
564012.8095679318,3.9017131,-0.6879700881571975,1.228598979188536,298.15
564072.8095741903,3.8984044,-0.6879712466667286,1.240065167828998,298.15
564132.8095804488,3.8950169,-0.6879685960186496,1.251531312291987,298.15
564192.8095867073,3.8917475,-0.6879669561460313,1.262997429423764,298.15
564252.8095929658,3.8883994,-0.6879682130131499,1.274463567503327,298.15
564312.8095992242,3.8850119,-0.687969620703846,1.285929729044405,298.15
564372.8096054827,3.8815851,-0.6879692196222463,1.297395883900789,298.15
564432.8096117412,3.8781581,-0.6879706251135312,1.30886206218203,298.15
564492.8096179997,3.8747706,-0.6879709217002523,1.320328245406383,298.15
564552.8096242582,3.8715012,-0.6879685230228356,1.331794388652776,298.15
564612.8096305167,3.8680351,-0.6879674345586889,1.343260513758097,298.15
564672.8096367752,3.8645294,-0.6879659204002005,1.354726613627441,298.15
564732.8096430337,3.8611813,-0.6879643223978541,1.36619268686341,298.15
564792.8096492921,3.8577936,-0.6879653656379745,1.377658777486716,298.15
564852.8096555506,3.8543668,-0.6879653931733307,1.389124868568945,298.15
564912.8096618091,3.8510973,-0.6879636724947039,1.400590930973193,298.15
564972.8096680676,3.8476706,-0.687965327467164,1.412057020960319,298.15
565032.8096743261,3.8444407,-0.6879648960785925,1.423523103757634,298.15
565092.8096805846,3.8412106,-0.6879650229470656,1.434989188669424,298.15
565152.8096868431,3.8379018,-0.6879651700850895,1.446455276033515,298.15
565212.8096931016,3.834672,-0.6879663266793248,1.457921382674179,298.15
565272.80969936,3.8315208,-0.6879641598520311,1.46938745320105,298.15
565332.8097056185,3.8284483,-0.6879642739293489,1.48085352562921,298.15
565392.809711877,3.825376,-0.6879655485626235,1.492319619301261,298.15
565452.8097181355,3.8224218,-0.6879657863573159,1.503785716936556,298.15
565512.809724394,3.8194282,-0.6879649140235623,1.515251800032954,298.15
565572.8097306525,3.8165133,-0.6879661895548802,1.52671790438821,298.15
565632.809736911,3.8135984,-0.6879662880515454,1.538184010385077,298.15
565692.8097431695,3.8108017,-0.6879672556315245,1.549650132508279,298.15
565752.809749428,3.8081234,-0.687968462673139,1.561116274748843,298.15
565812.8097556864,3.8053267,-0.6879692367446721,1.572582429890601,298.15
565872.8097619449,3.802727,-0.6879696967732726,1.584048592699502,298.15
565932.8097682034,3.8000484,-0.6879699953488017,1.595514760484663,298.15
565992.8097744619,3.7975669,-0.6879704463433257,1.606980935786401,298.15
566052.8097807204,3.7950065,-0.687969525441726,1.618447095739776,298.15
566112.8097869789,3.7925644,-0.6879716897338356,1.629913291764691,298.15
566172.8097932374,3.7901616,-0.6879727911639779,1.641379506146776,298.15
566232.8097994959,3.7878771,-0.6879717862774555,1.652845703780752,298.15
566292.8098057543,3.7854743,-0.6879710156292155,1.664311888570588,298.15
566352.8098120128,3.7830715,-0.6879721596925688,1.675778092428149,298.15
566412.8098182713,3.780905,-0.6879699371846085,1.687244259243907,298.15
566472.8098245298,3.7785416,-0.6879694118114429,1.698710417303444,298.15
566532.8098307883,3.7763753,-0.6879692502947934,1.710176572671037,298.15
566592.8098370468,3.7742875,-0.6879693940293925,1.721642730434207,298.15
566652.8098433053,3.7721999,-0.6879706283222476,1.733108908768927,298.15
566712.8098495638,3.7700729,-0.6879705520839413,1.744575085833008,298.15
566772.8098558222,3.7678671,-0.6879709467779106,1.756041269475322,298.15
566832.8098620807,3.7659369,-0.6879694618992076,1.767507428369656,298.15
566892.8098683392,3.7638886,-0.687963914727955,1.778973494811125,298.15
566952.8098745977,3.7619586,-0.6879633259533353,1.790439551439684,298.15
567012.8098808562,3.7600679,-0.6879637180167533,1.801905614602633,298.15
567072.8098871147,3.7580197,-0.6879618261238022,1.81337164623403,298.15
567132.8098933732,3.756129,-0.6879622651616356,1.824837685182725,298.15
567192.8098996317,3.7541201,-0.6879613586962793,1.836303709023662,298.15
567252.8099058901,3.7523081,-0.6879620524823512,1.847769744427702,298.15
567312.8099121486,3.7503781,-0.6879627436994631,1.859235791352028,298.15
567372.8099184071,3.7484086,-0.6879609064580052,1.87070180765566,298.15
567432.8099246656,3.7466755,-0.6879625828623064,1.882167851899367,298.15
567492.8099309241,3.7446666,-0.6879625954110697,1.893633896352219,298.15
567552.8099371826,3.7428939,-0.6879692825150742,1.905100052256817,298.15
567612.8099434411,3.7411215,-0.6879693094047135,1.916566208609575,298.15
567672.8099496996,3.7392702,-0.6879674425715392,1.928032333848444,298.15
567732.809955958,3.7373796,-0.6879676165078086,1.939498461986251,298.15
567792.8099622165,3.7354887,-0.6879684054745411,1.950964603273505,298.15
567852.809968475,3.733598,-0.6879673669829234,1.962430727252564,298.15
567912.8099747335,3.7318256,-0.6879666200315008,1.973896838782431,298.15
567972.809980992,3.7299347,-0.6879669325167657,1.985362955520386,298.15
568032.8099872505,3.7281229,-0.6879661848063773,1.9968290597965,298.15
568092.809993509,3.7261927,-0.6879669727061867,2.008295177204279,298.15
568152.8099997675,3.7243414,-0.6879660075560899,2.019761278526221,298.15
568212.810006026,3.722569,-0.6879666861966232,2.03122739115884,298.15
568272.8100122844,3.720757,-0.6879671054000198,2.042693510778183,298.15
568332.8100185429,3.718827,-0.687969112401449,2.054159663847554,298.15
568392.8100248014,3.7169757,-0.6879694382619947,2.065625822347934,298.15
568452.8100310599,3.7151637,-0.6879705028564703,2.077091998591557,298.15
568512.8100373184,3.7131941,-0.6879683300369237,2.088558138621517,298.15
568572.8100435769,3.7112248,-0.6879664193406959,2.100024246806536,298.15
568632.8100498354,3.7094522,-0.6879677024974338,2.111490376377504,298.15
568692.8100560938,3.7074432,-0.6879651975449466,2.122956464199259,298.15
568752.8100623523,3.7055132,-0.687965171992438,2.134422551595139,298.15
568812.8100686108,3.7035832,-0.6879651418126227,2.145888638488022,298.15
568872.8100748693,3.7016923,-0.6879635374921844,2.157354698642228,298.15
568932.8100811278,3.699723,-0.6879637427010209,2.168820762216582,298.15
568992.8100873863,3.6977928,-0.6879652349587781,2.180286850661901,298.15
569052.8100936448,3.6958234,-0.6879649172998306,2.191752933812904,298.15
569112.8100999033,3.6938145,-0.6879648607012526,2.203219016020597,298.15
569172.8101061617,3.6919239,-0.6879629392145985,2.214685066203509,298.15
569232.8101124202,3.6899936,-0.6879633700726888,2.22615112356739,298.15
569292.8101186787,3.687906,-0.6879659937754975,2.237617224659656,298.15
569352.8101249372,3.686094,-0.6879651627278903,2.249083311901126,298.15
569412.8101311957,3.684164,-0.6879635833738483,2.260549372820027,298.15
569472.8101374542,3.6820369,-0.6879636168915234,2.272015434297556,298.15
569532.8101437127,3.6800675,-0.6879658592696833,2.283481533148058,298.15
569592.8101499712,3.6780586,-0.6879657120998702,2.294947629545729,298.15
569652.8101562297,3.676089,-0.6879661100661342,2.306413732576173,298.15
569712.8101624881,3.6740015,-0.6879652354435626,2.317879821029571,298.15
569772.8101687466,3.6720319,-0.6879662973141062,2.329345927180814,298.15
569832.8101750051,3.6699443,-0.6879643085675912,2.340812000186279,298.15
569892.8101812636,3.667896,-0.6879645982342136,2.352278078019521,298.15
569952.8101875221,3.6659267,-0.6879649840689468,2.363744162283342,298.15
570012.8101937806,3.6638389,-0.6879662490720986,2.375210267630552,298.15
570072.8102000391,3.6617513,-0.6879668536777103,2.386676383054522,298.15
570132.8102062976,3.6598213,-0.6879664486840595,2.398142491728598,298.15
570192.810212556,3.6576154,-0.6879650815006757,2.409608577616282,298.15
570252.8102188145,3.6556065,-0.6879646013555099,2.421074655501545,298.15
570312.810225073,3.6535976,-0.6879665826792606,2.432540766408875,298.15
570372.8102313315,3.6515493,-0.6879670702630853,2.444006885442602,298.15
570432.81023759,3.6494224,-0.6879664630587115,2.455472994356256,298.15
570492.8102438485,3.6472166,-0.6879673137222052,2.466939117447636,298.15
570552.810250107,3.645129,-0.6879675889466238,2.47840524512609,298.15
570612.8102563655,3.6429625,-0.6879675454392112,2.48987137207942,298.15
570672.8102626239,3.6407173,-0.6879661737199145,2.50133747617076,298.15
570732.8102688824,3.6385901,-0.6879658678646723,2.512803575164511,298.15
570792.8102751409,3.6363842,-0.6879656569218696,2.524269670642549,298.15
570852.8102813994,3.634021,-0.6879671438768008,2.535735790903172,298.15
570912.8102876579,3.6316969,-0.6879669838562277,2.547201908496785,298.15
570972.8102939164,3.6293335,-0.6879650884267348,2.558667994499903,298.15
571032.8103001749,3.6270096,-0.6879652211682515,2.57013408271538,298.15
571092.8103064334,3.6245282,-0.687965260562944,2.581600171587435,298.15
571152.8103126918,3.6219678,-0.6879663758372571,2.593066279047398,298.15
571212.8103189503,3.6193285,-0.6879663423672656,2.604532385949526,298.15
571272.8103252088,3.6167684,-0.6879679209941311,2.615998519162106,298.15
571332.8103314673,3.6139717,-0.6879674070849243,2.627464643809531,298.15
571392.8103377258,3.6112144,-0.6879681100461368,2.638930780172978,298.15
571452.8103439843,3.6081419,-0.68796865093439,2.65039692555123,298.15
571512.8103502428,3.6052666,-0.6879675548309154,2.661863052661089,298.15
571572.8103565013,3.6019185,-0.6879685964954867,2.673329197132025,298.15
571632.8103627597,3.5986884,-0.6879703949323381,2.684795371576913,298.15
571692.8103690182,3.5951433,-0.6879683872156535,2.696261512559852,298.15
571752.8103752767,3.5912831,-0.6879680235896085,2.707727647482356,298.15
571812.8103815352,3.5875411,-0.6879672318095373,2.719193769208525,298.15
571872.8103877937,3.583287,-0.6879668831462437,2.730659885123638,298.15
571932.8103940522,3.5787966,-0.6879659137185207,2.74212598488162,298.15
571992.8104003107,3.573873,-0.687965664843326,2.753592080491682,298.15
572048.9804061688,3.5688705,-0.6879665037098408,2.76432627008713,298.15
572101.254411622,3.5638285,-0.6879680207439872,2.774315948994889,298.15
572149.1084166132,3.558826,-0.6879670207789571,2.783460942674379,298.15
572192.890421181,3.5538237,-0.6879670722610184,2.791827769757774,298.15
572233.1104253754,3.5487816,-0.6879661379101633,2.799513881133431,298.15
572271.0244293306,3.5437791,-0.6879661412332312,2.806759311966698,298.15
572305.188432894,3.5387766,-0.6879672119069824,2.813288121488658,298.15
572336.4984361599,3.5337741,-0.6879668327910149,2.819271522539093,298.15
572365.6724392027,3.5287323,-0.6879683708143315,2.824846742356718,298.15
572393.4384420991,3.5237298,-0.6879687160335329,2.830152892735071,298.15
572419.0504447706,3.5187273,-0.6879687159379322,2.83504740845465,298.15
572442.8884472577,3.5137248,-0.6879659426495234,2.839602890080181,298.15
572465.378449603,3.5087225,-0.6879674885054577,2.843900776310729,298.15
572486.3264517887,3.5036805,-0.6879671145747389,2.847903980927335,298.15
572506.3904538816,3.498678,-0.6879674854646867,2.851738253446288,298.15
572525.3124558548,3.4936755,-0.6879684018070882,2.855354292184214,298.15
572542.9304576926,3.488673,-0.6879668505633478,2.858721125861308,298.15
572559.7044594418,3.4836311,-0.687968160748874,2.861926675620146,298.15
572575.8024611212,3.4786286,-0.6879681321696871,2.865003040105436,298.15
572590.9064626954,3.4736261,-0.6879678239765,2.867889447632201,298.15
572605.4864642173,3.4685843,-0.6879664989757904,2.870675712243882,298.15
572619.286465656,3.4635818,-0.6879678036949649,2.873312922432986,298.15
572632.5224670377,3.4585793,-0.6879661450178755,2.875842344890204,298.15
572645.102468349,3.4535768,-0.68796688665963,2.87824640720586,298.15
572657.3944696318,3.4485743,-0.6879667267894424,2.880595431619254,298.15
572669.1464708578,3.4435718,-0.6879672467033505,2.882841262709996,298.15
572680.7324720658,3.4385693,-0.6879662253628681,2.885055367576149,298.15
572691.4784731865,3.433567,-0.6879672767039899,2.887108950111271,298.15
572701.8804742722,3.4285645,-0.6879680560723646,2.889096795796322,298.15
572712.1264753409,3.423562,-0.6879671012198205,2.89105482681142,298.15
572722.0844763797,3.4185596,-0.6879673368342715,2.892957821104428,298.15
572731.5504773669,3.4135571,-0.687965565327975,2.894766788526808,298.15
572740.766478328,3.4085546,-0.6879670003504087,2.89652798423138,298.15
572749.6264792525,3.4035521,-0.6879666663047658,2.898221146814559,298.15
572758.4164801687,3.3985496,-0.6879686150042266,2.899900937024621,298.15
572766.7964810431,3.3935471,-0.6879682247671858,2.901502374337151,298.15
572774.852481883,3.3885446,-0.6879665985771439,2.90304189086381,298.15
572782.8104827141,3.3835421,-0.6879670448866089,2.904562680395743,298.15
572790.6524835322,3.3785002,-0.6879690306004075,2.906061306423744,298.15
572798.1764843166,3.3734977,-0.6879669388779096,2.907499157475896,298.15
572805.5124850823,3.3684952,-0.6879683920871408,2.908901084323427,298.15
572812.7404858358,3.3634927,-0.6879687423911651,2.910282372820213,298.15
572819.6604865566,3.3584902,-0.6879723768245798,2.911604808748962,298.15
572826.454487266,3.3534877,-0.687972987698055,2.912903166795209,298.15
572833.1144879609,3.3484459,-0.6879740760050937,2.914175918968619,298.15
572839.6424886417,3.3433645,-0.6879714467622092,2.915423440655504,298.15
572846.0724893128,3.3383622,-0.6879732135016258,2.916652237384552,298.15
572852.204489952,3.3333597,-0.687973604561619,2.917824085879791,298.15
572858.2164905798,3.3283572,-0.6879734996111403,2.918973001744119,298.15
572864.0724911904,3.3233547,-0.6879742671757125,2.920092106668752,298.15
572869.938491802,3.3183522,-0.6879729523611404,2.921213120490778,298.15
572875.5284923855,3.3133497,-0.6879725574639506,2.922281389101248,298.15
572881.0844929647,3.3083079,-0.687972931995237,2.923343160770305,298.15
572886.6144935414,3.3033054,-0.6879748357677061,2.924399966669912,298.15
572891.9404940968,3.2983029,-0.687973681326196,2.925417785616816,298.15
572897.0604946313,3.2933004,-0.6879737948199325,2.926396237338253,298.15
572902.1524951626,3.2882979,-0.687974573562665,2.927369339253275,298.15
572907.1244956809,3.2832954,-0.6879732341831065,2.92831950683021,298.15
572911.9544961844,3.2782929,-0.687976536382592,2.929242542112736,298.15
572916.7284966819,3.2732904,-0.6879724046567012,2.93015487005777,298.15
572921.4304971732,3.2682879,-0.687974304594975,2.931053441035054,298.15
572925.9784976467,3.2632854,-0.6879760150960608,2.931922584157952,298.15
572930.4724981152,3.2582436,-0.6879737060649191,2.932781404757203,298.15
572934.9184985794,3.2532017,-0.68797557743506,2.933631054684058,298.15
572939.2604990331,3.2481992,-0.6879718419389254,2.934460825253462,298.15
572943.4964994749,3.2431967,-0.6879751989255165,2.935270342821944,298.15
572947.6324999062,3.2381942,-0.6879744994187127,2.936060749162603,298.15
572951.6545003261,3.2331917,-0.687974238432851,2.936829369350342,298.15
572955.6445007417,3.2281892,-0.6879745200925851,2.937591874522866,298.15
572959.5605011506,3.2231867,-0.687972271943264,2.93834023555014,298.15
572963.3545015454,3.2181842,-0.6879722479500824,2.939065281933581,298.15
572967.0785019342,3.2131817,-0.687971940212088,2.939776950759359,298.15
572970.7725023199,3.2081792,-0.6879713314274277,2.940482885860372,298.15
572974.3485026918,3.2031374,-0.6879708626407942,2.941166270321676,298.15
572977.8605030589,3.1981349,-0.6879732244151343,2.941837426492971,298.15
572981.3385034222,3.1931324,-0.6879729572743786,2.942502084880573,298.15
572984.67650377,3.1881299,-0.6879722174440717,2.943139988075331,298.15
572988.03850412,3.1831274,-0.6879734921577999,2.943782478942377,298.15
572991.3705044687,3.1780856,-0.6879711776332235,2.944419234554538,298.15
572994.6285048081,3.1730831,-0.687970949960593,2.945041848329109,298.15
572997.7685051356,3.1680412,-0.6879695621272796,2.945641910731993,298.15
573000.8825054606,3.1629994,-0.6879722313636195,2.946237006774249,298.15
573003.9905057847,3.1579573,-0.6879732088128971,2.946830957039795,298.15
573007.0145061007,3.1529548,-0.6879724613314576,2.947408853967688,298.15
573010.0085064126,3.1479526,-0.6879740323851545,2.947981019097568,298.15
573012.8645067103,3.1429501,-0.6879718294463969,2.948526810139155,298.15
573015.7325070091,3.1379476,-0.6879739175255729,2.949074896083873,298.15
573018.5245073009,3.1329451,-0.6879729032339008,2.949608457346825,298.15
573021.2725075874,3.1279426,-0.6879722110074156,2.950133609522649,298.15
573023.9965078717,3.1229401,-0.6879726629405525,2.950654175558589,298.15
573026.6305081462,3.1179376,-0.6879735525362298,2.951157542927002,298.15
573029.310508426,3.1129351,-0.6879713016773386,2.951669699393944,298.15
573031.8805086939,3.1079326,-0.6879697515518844,2.952160833406649,298.15
573034.4285089597,3.1029301,-0.6879721803127614,2.952647764878408,298.15
573036.9465092225,3.0979276,-0.6879709157236952,2.95312896236357,298.15
573039.4305094816,3.0929251,-0.6879739036603114,2.953603664406606,298.15
573041.8865097379,3.0879226,-0.6879718950477911,2.954073014170662,298.15
573044.3245099923,3.0829201,-0.6879720398992302,2.954538924172953,298.15
573046.6905102385,3.0779176,-0.6879690623458679,2.954991072775988,298.15
573049.0545104854,3.0728757,-0.6879721871053001,2.95544284122603,298.15
573051.41051073,3.0678732,-0.6879722647169506,2.955893080899354,298.15
573053.6825109683,3.0628314,-0.6879698323924517,2.956327266350225,298.15
573055.9605112057,3.0577896,-0.6879711528856076,2.956762599252895,298.15
573058.1925114384,3.0527871,-0.6879711769179021,2.957189141427049,298.15
573060.352511663,3.0477846,-0.6879702576785748,2.957601923624578,298.15
573062.5545118935,3.0427427,-0.6879729901661685,2.958022733814288,298.15
573064.7005121177,3.0377402,-0.6879728291658016,2.958432842104735,298.15
573066.8305123392,3.0327377,-0.6879714731570149,2.958839891935358,298.15
573068.896512555,3.0277352,-0.6879686429978767,2.959234709536701,298.15
573070.9705127701,3.0226934,-0.6879692699146744,2.959631056318319,298.15
573073.0285129864,3.0176909,-0.6879661353697603,2.960024343667033,298.15
573075.0065131923,3.0126884,-0.6879698554286506,2.960402344921399,298.15
573076.9785133973,3.0076859,-0.6879704887293742,2.96077919990606,298.15
573078.9485136038,3.0026834,-0.6879700008568403,2.961155672418213,298.15
573080.904513808,2.9976809,-0.6879721952207876,2.961529470683306,298.15
573082.8485140093,2.9926391,-0.687971042708292,2.961900975084837,298.15
573084.7285142057,2.9876366,-0.687966261618669,2.962260246392326,298.15
573086.5985144004,2.9826341,-0.687971272317288,2.962617609284887,298.15
573088.4785145968,2.9776316,-0.687968377773565,2.962976881697479,298.15
573090.3205147898,2.9726291,-0.6879681896564427,2.963328892124729,298.15
573092.1605149806,2.9676266,-0.6879707480922868,2.963680521654655,298.15
573093.9605151694,2.9626241,-0.6879695906240529,2.964024506486061,298.15
573095.764515358,2.9575427,-0.6879701338551956,2.96436925600029,298.15
573097.5205155406,2.9525404,-0.6879701962805452,2.964704832608703,298.15
573099.2605157224,2.9475379,-0.687970029802892,2.965037351491189,298.15
573101.0145159056,2.9425354,-0.6879689513864725,2.965372545287512,298.15
573102.7105160821,2.9375329,-0.6879728275157391,2.965696656964424,298.15
573104.434516262,2.9325304,-0.6879693567570287,2.966026117879652,298.15
573106.0765164336,2.9274886,-0.6879703869150178,2.96633990885003,298.15
573107.7885166109,2.9224861,-0.6879685097849133,2.966667076130777,298.15
573109.4385167838,2.9174836,-0.6879698050509832,2.966982395657801,298.15
573111.098516956,2.9124811,-0.6879693359605553,2.967299625995626,298.15
573112.7625171309,2.9074392,-0.6879709431237933,2.967617621487217,298.15
573114.3725172987,2.9024367,-0.6879694429948275,2.967925296742389,298.15
573116.0045174686,2.8974342,-0.6879725078740573,2.968237177645104,298.15
573117.5785176326,2.8924317,-0.6879709860505189,2.968537973879778,298.15
573119.1545177978,2.8874292,-0.6879689966245778,2.968839151449869,298.15
573120.7545179641,2.8823874,-0.6879684987715597,2.969144915258888,298.15
573122.3425181303,2.8773849,-0.6879705808225764,2.969448386757973,298.15
573123.908518292,2.8723428,-0.6879692384304309,2.96974765340759,298.15
573125.4525184548,2.8673403,-0.68796999681428,2.970042716126213,298.15
573126.986518614,2.8622985,-0.6879707899678033,2.97033586815437,298.15
573128.5365187749,2.857296,-0.6879707675010515,2.970632077821132,298.15
573130.040518932,2.8522935,-0.6879692735710436,2.97091949612545,298.15
573131.5605190916,2.847291,-0.6879664169697922,2.971209970865319,298.15
573133.0205192436,2.8422885,-0.687968537643051,2.971488980356856,298.15
573134.502519398,2.8372467,-0.6879686569792384,2.97177219415016,298.15
573135.9945195541,2.8322442,-0.6879709942435912,2.972057319936491,298.15
573137.3405196946,2.8272417,-0.6879692423901851,2.972314544018974,298.15
573138.7125198375,2.8221998,-0.6879688434563779,2.972576736616628,298.15
573140.158519987,2.8171973,-0.6879652805659396,2.97285306936622,298.15
573141.6125201397,2.8121161,-0.6879703359930178,2.973130932969984,298.15
573143.0025202846,2.8070743,-0.6879646051254236,2.973396563775775,298.15
573144.4145204313,2.8020325,-0.6879664953651771,2.973666399551435,298.15
573145.8405205812,2.79703,-0.6879700660364195,2.973938912167354,298.15
573147.2265207246,2.7919879,-0.6879690558390196,2.97420378028125,298.15
573148.6145208701,2.7869854,-0.6879678778235457,2.974469030146404,298.15
573150.0045210151,2.7819829,-0.687973530469797,2.974734664398369,298.15
573151.3445211537,2.7769806,-0.6879711412688296,2.974990742571888,298.15
573152.7005212968,2.7719781,-0.6879706457595064,2.975249878209138,298.15
573154.026521435,2.7669756,-0.6879747754945151,2.975503282277853,298.15
573155.3405215722,2.7619336,-0.6879693160401179,2.975754391104417,298.15
573156.6725217104,2.7568917,-0.6879712432901554,2.976008940490852,298.15
573157.9765218459,2.7518499,-0.6879709977267132,2.97625813890037,298.15
573159.3065219857,2.7468474,-0.68797209059858,2.976512306393885,298.15
573160.6165221222,2.7418449,-0.6879750614192245,2.976762652900653,298.15
573161.8905222556,2.7368424,-0.6879666157764726,2.977006116667393,298.15
573163.1685223877,2.7318399,-0.6879717375721299,2.977250346659491,298.15
573164.4265225194,2.7267981,-0.6879683113218499,2.977490753389004,298.15
573165.7225226536,2.7217956,-0.6879706776912022,2.977738422858618,298.15
573166.990522787,2.7167931,-0.6879735468221376,2.977980742455591,298.15
573168.2705229204,2.7117906,-0.6879747631864855,2.978225355730225,298.15
573169.5105230501,2.7067881,-0.6879700697831145,2.978462323223487,298.15
573170.7365231775,2.7017856,-0.6879729298800401,2.978696616251173,298.15
573171.9905233085,2.6967831,-0.6879700070314402,2.978936259161998,298.15
573173.2045234349,2.6917806,-0.6879706344295298,2.979168258172309,298.15
573174.4605235662,2.6867781,-0.6879762909262545,2.979408285481138,298.15
573175.6965236953,2.6817758,-0.6879713156655426,2.979644488990839,298.15
573176.9145238213,2.6767733,-0.687968591206005,2.979877251721623,298.15
573178.1125239469,2.6717708,-0.6879658276358114,2.980106191484931,298.15
573179.2425240651,2.6667287,-0.6879755905290827,2.980322139401207,298.15
573180.430524189,2.6617262,-0.6879690698586087,2.980549169217947,298.15
573181.606524311,2.656724,-0.6879701130887462,2.980773906144866,298.15
573182.8165244376,2.6516426,-0.6879671262561702,2.981005139564278,298.15
573184.0185245629,2.6466401,-0.6879695401825463,2.981234844973586,298.15
573185.2005246868,2.6416376,-0.6879705206778689,2.981460728651553,298.15
573186.3885248108,2.6366351,-0.6879706262019489,2.981687758981886,298.15
573187.5765249347,2.6315539,-0.6879728154181095,2.981914790034661,298.15
573188.7865250595,2.6265514,-0.6879678420782736,2.982146023694312,298.15
573189.906525176,2.6215489,-0.6879695519283162,2.982360058688292,298.15
573191.0545252971,2.6165071,-0.6879698708936531,2.982579444659156,298.15
573192.182525415,2.6115046,-0.6879695100080607,2.982795008461478,298.15
573193.3625255376,2.6065021,-0.6879691393953004,2.983020509480605,298.15
573194.5045256568,2.6014602,-0.6879728968913941,2.983238749794566,298.15
573195.6425257754,2.5964577,-0.6879720802942735,2.983456225435936,298.15
573196.8005258963,2.5914552,-0.6879750811690566,2.983677524110148,298.15
573197.9685260188,2.5864527,-0.6879700871212787,2.983900732206275,298.15
573199.110526137,2.5814502,-0.687969447586072,2.984118971425861,298.15
573200.2285262533,2.5764477,-0.6879689353738871,2.984332624022997,298.15
573201.3745263736,2.5714452,-0.6879751837894916,2.984551629479498,298.15
573202.5145264929,2.5664427,-0.6879729547285798,2.984769487604634,298.15
573203.6385266101,2.5614402,-0.6879717541890388,2.984984287696947,298.15
573204.7345267236,2.5564377,-0.687971834918424,2.985193736921718,298.15
573205.8345268387,2.5514352,-0.6879701749496893,2.985403950052728,298.15
573206.9725269563,2.5464327,-0.6879686546904893,2.985621424611049,298.15
573208.0845270734,2.5414302,-0.6879684932936163,2.985833930456907,298.15
573209.1865271884,2.5363884,-0.6879716202343951,2.986044526235961,298.15
573210.3185273064,2.5313859,-0.6879732991951869,2.986260855640375,298.15
573211.4265274219,2.5263834,-0.6879658972840489,2.986472596277498,298.15
573212.5585275404,2.5213809,-0.6879710017115008,2.98668892495957,298.15
573213.6705276556,2.5163784,-0.6879703017744125,2.986901431363691,298.15
573214.7845277712,2.5113366,-0.6879689716122174,2.987114319561988,298.15
573215.9145278893,2.5063341,-0.6879707813314593,2.98733026596871,298.15
573217.0225280058,2.5012922,-0.6879718342530499,2.987542008433278,298.15
573217.350528039,2.499953,-0.6879697532808062,2.987604690128269,298.15
573217.3525280394,2.4999924,-0.6879981820586324,2.987605072349544,298.15
573217.3845280437,2.540091,-0.6449983144518863,2.987610805668668,298.15
573217.3965280447,2.5451722,0.0,2.987610805668668,298.15
573217.4105280451,2.550293,0.0,2.987610805668668,298.15
573217.4265280478,2.5556107,0.0,2.987610805668668,298.15
573217.4445280498,2.5608101,0.0,2.987610805668668,298.15
573217.4645280521,2.5661671,0.0,2.987610805668668,298.15
573217.4865280539,2.5714846,0.0,2.987610805668668,298.15
573217.5105280569,2.5767233,0.0,2.987610805668668,298.15
573217.5365280584,2.5818834,0.0,2.987610805668668,298.15
573217.5645280622,2.5870435,0.0,2.987610805668668,298.15
573217.5945280641,2.5921247,0.0,2.987610805668668,298.15
573217.6265280687,2.5972455,0.0,2.987610805668668,298.15
573217.6605280712,2.6022873,0.0,2.987610805668668,298.15
573217.6985280765,2.6074474,0.0,2.987610805668668,298.15
573217.7385280803,2.6125681,0.0,2.987610805668668,298.15
573217.7805280853,2.6177676,0.0,2.987610805668668,298.15
573217.8245280897,2.6227701,0.0,2.987610805668668,298.15
573217.8705280945,2.6278512,0.0,2.987610805668668,298.15
573217.9205280989,2.632972,0.0,2.987610805668668,298.15
573217.9705281034,2.6379745,0.0,2.987610805668668,298.15
573218.0245281104,2.6429768,0.0,2.987610805668668,298.15
573218.0785281155,2.6479793,0.0,2.987610805668668,298.15
573218.1365281222,2.6530607,0.0,2.987610805668668,298.15
573218.1965281283,2.6581025,0.0,2.987610805668668,298.15
573218.2585281348,2.663105,0.0,2.987610805668668,298.15
573218.3245281419,2.6683831,0.0,2.987610805668668,298.15
573218.3925281484,2.6734645,0.0,2.987610805668668,298.15
573218.4605281558,2.6785457,0.0,2.987610805668668,298.15
573218.532528162,2.6837058,0.0,2.987610805668668,298.15
573218.6045281701,2.6887083,0.0,2.987610805668668,298.15
573218.6785281785,2.6937108,0.0,2.987610805668668,298.15
573218.7565281866,2.6989496,0.0,2.987610805668668,298.15
573218.8345281947,2.7039914,0.0,2.987610805668668,298.15
573218.9165282026,2.7091122,0.0,2.987610805668668,298.15
573218.9985282118,2.714154,0.0,2.987610805668668,298.15
573219.0845282208,2.7191565,0.0,2.987610805668668,298.15
573219.168528229,2.724159,0.0,2.987610805668668,298.15
573219.2565282388,2.7292008,0.0,2.987610805668668,298.15
573219.346528247,2.7343609,0.0,2.987610805668668,298.15
573219.4365282576,2.7393634,0.0,2.987610805668668,298.15
573219.5285282675,2.7444053,0.0,2.987610805668668,298.15
573219.6245282772,2.7494078,0.0,2.987610805668668,298.15
573219.720528286,2.7544889,0.0,2.987610805668668,298.15
573219.8185282974,2.759531,0.0,2.987610805668668,298.15
573219.9185283072,2.7645333,0.0,2.987610805668668,298.15
573220.0205283184,2.7695358,0.0,2.987610805668668,298.15
573220.1245283294,2.7745383,0.0,2.987610805668668,298.15
573220.2265283391,2.7795408,0.0,2.987610805668668,298.15
573220.3365283515,2.7845829,0.0,2.987610805668668,298.15
573220.4445283627,2.789664,0.0,2.987610805668668,298.15
573220.5565283746,2.7947452,0.0,2.987610805668668,298.15
573220.6685283855,2.7997477,0.0,2.987610805668668,298.15
573220.784528397,2.8047502,0.0,2.987610805668668,298.15
573220.8985284101,2.8097527,0.0,2.987610805668668,298.15
573221.016528422,2.8147552,0.0,2.987610805668668,298.15
573221.1365284352,2.819797,0.0,2.987610805668668,298.15
573221.260528448,2.8248785,0.0,2.987610805668668,298.15
573221.3845284609,2.8299596,0.0,2.987610805668668,298.15
573221.5105284741,2.8350408,0.0,2.987610805668668,298.15
573221.6385284876,2.8400829,0.0,2.987610805668668,298.15
573221.7705285009,2.8451247,0.0,2.987610805668668,298.15
573221.9025285151,2.8502452,0.0,2.987610805668668,298.15
573222.0385285281,2.8552871,0.0,2.987610805668668,298.15
573222.1765285432,2.8603685,0.0,2.987610805668668,298.15
573222.3105285575,2.865371,0.0,2.987610805668668,298.15
573222.4505285723,2.8704128,0.0,2.987610805668668,298.15
573222.5945285857,2.8754153,0.0,2.987610805668668,298.15
573222.7365286015,2.8804178,0.0,2.987610805668668,298.15
573222.882528617,2.8854203,0.0,2.987610805668668,298.15
573223.0285286326,2.8904228,0.0,2.987610805668668,298.15
573223.1785286479,2.8955829,0.0,2.987610805668668,298.15
573223.3325286638,2.9006248,0.0,2.987610805668668,298.15
573223.4865286797,2.9056273,0.0,2.987610805668668,298.15
573223.642528696,2.9106297,0.0,2.987610805668668,298.15
573223.7985287122,2.9157109,0.0,2.987610805668668,298.15
573223.9645287301,2.920871,0.0,2.987610805668668,298.15
573224.1245287466,2.9258735,0.0,2.987610805668668,298.15
573224.2945287637,2.930876,0.0,2.987610805668668,298.15
573224.4585287813,2.9359179,0.0,2.987610805668668,298.15
573224.6305287993,2.9409597,0.0,2.987610805668668,298.15
573224.8005288169,2.9459622,0.0,2.987610805668668,298.15
573224.9745288342,2.951004,0.0,2.987610805668668,298.15
573225.1505288538,2.9560854,0.0,2.987610805668668,298.15
573225.3325288724,2.9610879,0.0,2.987610805668668,298.15
573225.5105288913,2.9662085,0.0,2.987610805668668,298.15
573225.7005289113,2.971211,0.0,2.987610805668668,298.15
573225.8865289306,2.9762135,0.0,2.987610805668668,298.15
573226.0765289506,2.9812946,0.0,2.987610805668668,298.15
573226.2705289703,2.986376,0.0,2.987610805668668,298.15
573226.4645289909,2.9914179,0.0,2.987610805668668,298.15
573226.66052901,2.9964204,0.0,2.987610805668668,298.15
573226.8605290316,3.0014229,0.0,2.987610805668668,298.15
573227.0645290532,3.0064254,0.0,2.987610805668668,298.15
573227.2685290743,3.0114279,0.0,2.987610805668668,298.15
573227.4765290953,3.0164697,0.0,2.987610805668668,298.15
573227.6865291181,3.0214722,0.0,2.987610805668668,298.15
573227.9025291409,3.0264747,0.0,2.987610805668668,298.15
573228.1205291636,3.0314772,0.0,2.987610805668668,298.15
573228.3385291863,3.0365191,0.0,2.987610805668668,298.15
573228.5645292096,3.0415215,0.0,2.987610805668668,298.15
573228.7865292318,3.046524,0.0,2.987610805668668,298.15
573229.0205292571,3.0515265,0.0,2.987610805668668,298.15
573229.2545292815,3.0565684,0.0,2.987610805668668,298.15
573229.4925293066,3.0616496,0.0,2.987610805668668,298.15
573229.732529331,3.0666521,0.0,2.987610805668668,298.15
573229.9765293561,3.0717335,0.0,2.987610805668668,298.15
573230.2285293825,3.076736,0.0,2.987610805668668,298.15
573230.4805294089,3.0818172,0.0,2.987610805668668,298.15
573230.736529436,3.086859,0.0,2.987610805668668,298.15
573230.992529463,3.0918615,0.0,2.987610805668668,298.15
573231.2545294901,3.096864,0.0,2.987610805668668,298.15
573231.5245295186,3.1019454,0.0,2.987610805668668,298.15
573231.7985295467,3.1069479,0.0,2.987610805668668,298.15
573232.0645295747,3.1119504,0.0,2.987610805668668,298.15
573232.346529603,3.1169922,0.0,2.987610805668668,298.15
573232.632529634,3.1220341,0.0,2.987610805668668,298.15
573232.9185296632,3.1270366,0.0,2.987610805668668,298.15
573233.2125296947,3.1321967,0.0,2.987610805668668,298.15
573233.5145297265,3.1371992,0.0,2.987610805668668,298.15
573233.8145297572,3.142241,0.0,2.987610805668668,298.15
573234.1145297885,3.1472828,0.0,2.987610805668668,298.15
573234.4345298221,3.152364,0.0,2.987610805668668,298.15
573234.7485298547,3.1573665,0.0,2.987610805668668,298.15
573235.068529888,3.1624084,0.0,2.987610805668668,298.15
573235.3985299226,3.1674504,0.0,2.987610805668668,298.15
573235.7225299552,3.1725316,0.0,2.987610805668668,298.15
573236.066529992,3.1775341,0.0,2.987610805668668,298.15
573236.4065300263,3.1825759,0.0,2.987610805668668,298.15
573236.7525300635,3.1875784,0.0,2.987610805668668,298.15
573237.1045300998,3.1925809,0.0,2.987610805668668,298.15
573237.4585301373,3.1976228,0.0,2.987610805668668,298.15
573237.8245301759,3.2026253,0.0,2.987610805668668,298.15
573238.1845302132,3.2076278,0.0,2.987610805668668,298.15
573238.5585302524,3.2126303,0.0,2.987610805668668,298.15
573238.9365302916,3.2176328,0.0,2.987610805668668,298.15
573239.3205303317,3.2226353,0.0,2.987610805668668,298.15
573239.7165303733,3.2276378,0.0,2.987610805668668,298.15
573240.1085304134,3.2326796,0.0,2.987610805668668,298.15
573240.516530456,3.2377608,0.0,2.987610805668668,298.15
573240.9325305,3.2428815,0.0,2.987610805668668,298.15
573241.3565305434,3.2479627,0.0,2.987610805668668,298.15
573241.7925305888,3.2530835,0.0,2.987610805668668,298.15
573242.2305306345,3.2581646,0.0,2.987610805668668,298.15
573242.6765306816,3.2632854,0.0,2.987610805668668,298.15
573243.1165307276,3.2682879,0.0,2.987610805668668,298.15
573243.582530776,3.2733297,0.0,2.987610805668668,298.15
573244.0465308242,3.2783716,0.0,2.987610805668668,298.15
573244.5245308746,3.283453,0.0,2.987610805668668,298.15
573245.000530924,3.2884555,0.0,2.987610805668668,298.15
573245.4745309725,3.293458,0.0,2.987610805668668,298.15
573245.9805310257,3.2984605,0.0,2.987610805668668,298.15
573246.4805310778,3.3035417,0.0,2.987610805668668,298.15
573247.0025311327,3.3085442,0.0,2.987610805668668,298.15
573247.5265311878,3.3136647,0.0,2.987610805668668,298.15
573248.0545312427,3.3186672,0.0,2.987610805668668,298.15
573248.6045312993,3.3236697,0.0,2.987610805668668,298.15
573249.1565313563,3.3287117,0.0,2.987610805668668,298.15
573249.7245314158,3.3337929,0.0,2.987610805668668,298.15
573250.3005314767,3.3388348,0.0,2.987610805668668,298.15
573250.8865315383,3.3438766,0.0,2.987610805668668,298.15
573251.4965316018,3.3488791,0.0,2.987610805668668,298.15
573252.1045316644,3.3538816,0.0,2.987610805668668,298.15
573252.7165317293,3.3588841,0.0,2.987610805668668,298.15
573253.3605317958,3.3638866,0.0,2.987610805668668,298.15
573254.0125318645,3.3688891,0.0,2.987610805668668,298.15
573254.6865319344,3.3739309,0.0,2.987610805668668,298.15
573255.364532005,3.3789728,0.0,2.987610805668668,298.15
573256.0705320789,3.3839753,0.0,2.987610805668668,298.15
573256.7805321533,3.3889778,0.0,2.987610805668668,298.15
573257.5245322306,3.3940196,0.0,2.987610805668668,298.15
573258.2805323098,3.399101,0.0,2.987610805668668,298.15
573259.0765323928,3.4041429,0.0,2.987610805668668,298.15
573259.8825324764,3.4091847,0.0,2.987610805668668,298.15
573260.7025325624,3.4141872,0.0,2.987610805668668,298.15
573261.5665326519,3.419229,0.0,2.987610805668668,298.15
573262.4545327444,3.4242315,0.0,2.987610805668668,298.15
573263.3725328406,3.4292734,0.0,2.987610805668668,298.15
573264.3165329387,3.4342759,0.0,2.987610805668668,298.15
573265.3005330414,3.4393179,0.0,2.987610805668668,298.15
573266.3405331504,3.4443202,0.0,2.987610805668668,298.15
573267.4305332638,3.4494016,0.0,2.987610805668668,298.15
573268.5745333834,3.4544041,0.0,2.987610805668668,298.15
573269.7705335077,3.4594853,0.0,2.987610805668668,298.15
573271.0345336385,3.4645271,0.0,2.987610805668668,298.15
573272.3845337806,3.4695692,0.0,2.987610805668668,298.15
573273.836533932,3.4745715,0.0,2.987610805668668,298.15
573275.3585340902,3.479574,0.0,2.987610805668668,298.15
573277.0105342632,3.4845765,0.0,2.987610805668668,298.15
573278.8045344502,3.489579,0.0,2.987610805668668,298.15
573280.7705346551,3.4945815,0.0,2.987610805668668,298.15
573282.950534883,3.4996233,0.0,2.987610805668668,298.15
573285.4085351378,3.5046258,0.0,2.987610805668668,298.15
573288.2305354327,3.5097072,0.0,2.987610805668668,298.15
573291.4525357699,3.5147097,0.0,2.987610805668668,298.15
573295.154536156,3.5197122,0.0,2.987610805668668,298.15
573299.6365366234,3.524754,0.0,2.987610805668668,298.15
573305.1485371981,3.5297565,0.0,2.987610805668668,298.15
573311.986537911,3.5347984,0.0,2.987610805668668,298.15
573320.8605388366,3.5398009,0.0,2.987610805668668,298.15
573332.6265400641,3.5448034,0.0,2.987610805668668,298.15
573348.7145417426,3.5498059,0.0,2.987610805668668,298.15
573371.1585440822,3.5548084,0.0,2.987610805668668,298.15
573403.6145474687,3.5598109,0.0,2.987610805668668,298.15
573451.3985524531,3.5648134,0.0,2.987610805668668,298.15
573525.0045601306,3.5698159,0.0,2.987610805668668,298.15
573643.6705725081,3.5748184,0.0,2.987610805668668,298.15
573763.6705850251,3.5777726,0.0,2.987610805668668,298.15
573883.6705975421,3.5799389,0.0,2.987610805668668,298.15
574003.670610059,3.5814753,0.0,2.987610805668668,298.15
574123.670622576,3.5827751,0.0,2.987610805668668,298.15
574243.670635093,3.5837204,0.0,2.987610805668668,298.15
574363.67064761,3.5845082,0.0,2.987610805668668,298.15
574483.670660127,3.5851383,0.0,2.987610805668668,298.15
574603.6706726439,3.5856504,0.0,2.987610805668668,298.15
574723.6706851609,3.5860837,0.0,2.987610805668668,298.15
574843.6706976779,3.5864775,0.0,2.987610805668668,298.15
574963.6707101949,3.586832,0.0,2.987610805668668,298.15
