geometry_tag,L_um,area_m2,c_smax_source,c_smax_mol_m3,eps_s,dx,Q_geom_mAh,Q_nominal_mAh,Q_exp_mean_mAh,geom_vs_nominal_pct,geom_vs_experimental_pct,in_experimental_band
"SINTEF LFP-NMP-1 (78um, 1.539 cm2)",78.0,1.539380e-04,ae94f3/theoretical,22820.0,0.4,0.8,2.35,3.07876,3.2878,-23.67,-28.52,False
"SINTEF LFP-NMP-1 (78um, 1.539 cm2)",78.0,1.539380e-04,ae94f3/theoretical,22820.0,0.4,0.85,2.4969,3.07876,3.2878,-18.9,-24.06,False
"SINTEF LFP-NMP-1 (78um, 1.539 cm2)",78.0,1.539380e-04,ae94f3/theoretical,22820.0,0.4,0.9,2.6437,3.07876,3.2878,-14.13,-19.59,False
"SINTEF LFP-NMP-1 (78um, 1.539 cm2)",78.0,1.539380e-04,ae94f3/theoretical,22820.0,0.4,0.95,2.7906,3.07876,3.2878,-9.36,-15.12,False
"SINTEF LFP-NMP-1 (78um, 1.539 cm2)",78.0,1.539380e-04,ae94f3/theoretical,22820.0,0.4,0.98,2.8787,3.07876,3.2878,-6.5,-12.44,False
"SINTEF LFP-NMP-1 (78um, 1.539 cm2)",78.0,1.539380e-04,ae94f3/theoretical,22820.0,0.4,1.0,2.9375,3.07876,3.2878,-4.59,-10.66,False
"SINTEF LFP-NMP-1 (78um, 1.539 cm2)",78.0,1.539380e-04,ae94f3/theoretical,22820.0,0.45,0.8,2.6437,3.07876,3.2878,-14.13,-19.59,False
"SINTEF LFP-NMP-1 (78um, 1.539 cm2)",78.0,1.539380e-04,ae94f3/theoretical,22820.0,0.45,0.85,2.809,3.07876,3.2878,-8.76,-14.56,False
"SINTEF LFP-NMP-1 (78um, 1.539 cm2)",78.0,1.539380e-04,ae94f3/theoretical,22820.0,0.45,0.9,2.9742,3.07876,3.2878,-3.4,-9.54,False
"SINTEF LFP-NMP-1 (78um, 1.539 cm2)",78.0,1.539380e-04,ae94f3/theoretical,22820.0,0.45,0.95,3.1394,3.07876,3.2878,1.97,-4.51,False
"SINTEF LFP-NMP-1 (78um, 1.539 cm2)",78.0,1.539380e-04,ae94f3/theoretical,22820.0,0.45,0.98,3.2386,3.07876,3.2878,5.19,-1.5,False
"SINTEF LFP-NMP-1 (78um, 1.539 cm2)",78.0,1.539380e-04,ae94f3/theoretical,22820.0,0.45,1.0,3.3047,3.07876,3.2878,7.34,0.51,True
"SINTEF LFP-NMP-1 (78um, 1.539 cm2)",78.0,1.539380e-04,ae94f3/theoretical,22820.0,0.5,0.8,2.9375,3.07876,3.2878,-4.59,-10.66,False
"SINTEF LFP-NMP-1 (78um, 1.539 cm2)",78.0,1.539380e-04,ae94f3/theoretical,22820.0,0.5,0.85,3.1211,3.07876,3.2878,1.37,-5.07,False
"SINTEF LFP-NMP-1 (78um, 1.539 cm2)",78.0,1.539380e-04,ae94f3/theoretical,22820.0,0.5,0.9,3.3047,3.07876,3.2878,7.34,0.51,True
"SINTEF LFP-NMP-1 (78um, 1.539 cm2)",78.0,1.539380e-04,ae94f3/theoretical,22820.0,0.5,0.95,3.4883,3.07876,3.2878,13.3,6.1,False
"SINTEF LFP-NMP-1 (78um, 1.539 cm2)",78.0,1.539380e-04,ae94f3/theoretical,22820.0,0.5,0.98,3.5984,3.07876,3.2878,16.88,9.45,False
"SINTEF LFP-NMP-1 (78um, 1.539 cm2)",78.0,1.539380e-04,ae94f3/theoretical,22820.0,0.5,1.0,3.6719,3.07876,3.2878,19.26,11.68,False
"SINTEF LFP-NMP-1 (78um, 1.539 cm2)",78.0,1.539380e-04,ae94f3/theoretical,22820.0,0.55,0.8,3.2312,3.07876,3.2878,4.95,-1.72,False
"SINTEF LFP-NMP-1 (78um, 1.539 cm2)",78.0,1.539380e-04,ae94f3/theoretical,22820.0,0.55,0.85,3.4332,3.07876,3.2878,11.51,4.42,False
"SINTEF LFP-NMP-1 (78um, 1.539 cm2)",78.0,1.539380e-04,ae94f3/theoretical,22820.0,0.55,0.9,3.6351,3.07876,3.2878,18.07,10.56,False
"SINTEF LFP-NMP-1 (78um, 1.539 cm2)",78.0,1.539380e-04,ae94f3/theoretical,22820.0,0.55,0.95,3.8371,3.07876,3.2878,24.63,16.71,False
"SINTEF LFP-NMP-1 (78um, 1.539 cm2)",78.0,1.539380e-04,ae94f3/theoretical,22820.0,0.55,0.98,3.9583,3.07876,3.2878,28.57,20.39,False
"SINTEF LFP-NMP-1 (78um, 1.539 cm2)",78.0,1.539380e-04,ae94f3/theoretical,22820.0,0.55,1.0,4.039,3.07876,3.2878,31.19,22.85,False
"SINTEF LFP-NMP-1 (78um, 1.539 cm2)",78.0,1.539380e-04,ae94f3/theoretical,22820.0,0.6,0.8,3.525,3.07876,3.2878,14.49,7.21,False
"SINTEF LFP-NMP-1 (78um, 1.539 cm2)",78.0,1.539380e-04,ae94f3/theoretical,22820.0,0.6,0.85,3.7453,3.07876,3.2878,21.65,13.91,False
"SINTEF LFP-NMP-1 (78um, 1.539 cm2)",78.0,1.539380e-04,ae94f3/theoretical,22820.0,0.6,0.9,3.9656,3.07876,3.2878,28.81,20.62,False
"SINTEF LFP-NMP-1 (78um, 1.539 cm2)",78.0,1.539380e-04,ae94f3/theoretical,22820.0,0.6,0.95,4.1859,3.07876,3.2878,35.96,27.32,False
"SINTEF LFP-NMP-1 (78um, 1.539 cm2)",78.0,1.539380e-04,ae94f3/theoretical,22820.0,0.6,0.98,4.3181,3.07876,3.2878,40.25,31.34,False
"SINTEF LFP-NMP-1 (78um, 1.539 cm2)",78.0,1.539380e-04,ae94f3/theoretical,22820.0,0.6,1.0,4.4062,3.07876,3.2878,43.12,34.02,False
"SINTEF LFP-NMP-1 (78um, 1.539 cm2)",78.0,1.539380e-04,ae94f3/theoretical,22820.0,0.65,0.8,3.8187,3.07876,3.2878,24.03,16.15,False
"SINTEF LFP-NMP-1 (78um, 1.539 cm2)",78.0,1.539380e-04,ae94f3/theoretical,22820.0,0.65,0.85,4.0574,3.07876,3.2878,31.79,23.41,False
"SINTEF LFP-NMP-1 (78um, 1.539 cm2)",78.0,1.539380e-04,ae94f3/theoretical,22820.0,0.65,0.9,4.2961,3.07876,3.2878,39.54,30.67,False
"SINTEF LFP-NMP-1 (78um, 1.539 cm2)",78.0,1.539380e-04,ae94f3/theoretical,22820.0,0.65,0.95,4.5347,3.07876,3.2878,47.29,37.93,False
"SINTEF LFP-NMP-1 (78um, 1.539 cm2)",78.0,1.539380e-04,ae94f3/theoretical,22820.0,0.65,0.98,4.6779,3.07876,3.2878,51.94,42.28,False
"SINTEF LFP-NMP-1 (78um, 1.539 cm2)",78.0,1.539380e-04,ae94f3/theoretical,22820.0,0.65,1.0,4.7734,3.07876,3.2878,55.04,45.19,False
"SINTEF LFP-NMP-1 (78um, 1.539 cm2)",78.0,1.539380e-04,ae94f3/theoretical,22820.0,0.7,0.8,4.1125,3.07876,3.2878,33.58,25.08,False
"SINTEF LFP-NMP-1 (78um, 1.539 cm2)",78.0,1.539380e-04,ae94f3/theoretical,22820.0,0.7,0.85,4.3695,3.07876,3.2878,41.92,32.9,False
"SINTEF LFP-NMP-1 (78um, 1.539 cm2)",78.0,1.539380e-04,ae94f3/theoretical,22820.0,0.7,0.9,4.6265,3.07876,3.2878,50.27,40.72,False
"SINTEF LFP-NMP-1 (78um, 1.539 cm2)",78.0,1.539380e-04,ae94f3/theoretical,22820.0,0.7,0.95,4.8836,3.07876,3.2878,58.62,48.54,False
"SINTEF LFP-NMP-1 (78um, 1.539 cm2)",78.0,1.539380e-04,ae94f3/theoretical,22820.0,0.7,0.98,5.0378,3.07876,3.2878,63.63,53.23,False
"SINTEF LFP-NMP-1 (78um, 1.539 cm2)",78.0,1.539380e-04,ae94f3/theoretical,22820.0,0.7,1.0,5.1406,3.07876,3.2878,66.97,56.35,False
"SINTEF LFP-NMP-1 (78um, 1.539 cm2)",78.0,1.539380e-04,acfc66,21852.0,0.4,0.8,2.2503,3.07876,3.2878,-26.91,-31.56,False
"SINTEF LFP-NMP-1 (78um, 1.539 cm2)",78.0,1.539380e-04,acfc66,21852.0,0.4,0.85,2.3909,3.07876,3.2878,-22.34,-27.28,False
"SINTEF LFP-NMP-1 (78um, 1.539 cm2)",78.0,1.539380e-04,acfc66,21852.0,0.4,0.9,2.5316,3.07876,3.2878,-17.77,-23.0,False
"SINTEF LFP-NMP-1 (78um, 1.539 cm2)",78.0,1.539380e-04,acfc66,21852.0,0.4,0.95,2.6722,3.07876,3.2878,-13.2,-18.72,False
"SINTEF LFP-NMP-1 (78um, 1.539 cm2)",78.0,1.539380e-04,acfc66,21852.0,0.4,0.98,2.7566,3.07876,3.2878,-10.46,-16.16,False
"SINTEF LFP-NMP-1 (78um, 1.539 cm2)",78.0,1.539380e-04,acfc66,21852.0,0.4,1.0,2.8129,3.07876,3.2878,-8.64,-14.45,False
"SINTEF LFP-NMP-1 (78um, 1.539 cm2)",78.0,1.539380e-04,acfc66,21852.0,0.45,0.8,2.5316,3.07876,3.2878,-17.77,-23.0,False
"SINTEF LFP-NMP-1 (78um, 1.539 cm2)",78.0,1.539380e-04,acfc66,21852.0,0.45,0.85,2.6898,3.07876,3.2878,-12.63,-18.19,False
"SINTEF LFP-NMP-1 (78um, 1.539 cm2)",78.0,1.539380e-04,acfc66,21852.0,0.45,0.9,2.848,3.07876,3.2878,-7.49,-13.38,False
"SINTEF LFP-NMP-1 (78um, 1.539 cm2)",78.0,1.539380e-04,acfc66,21852.0,0.45,0.95,3.0063,3.07876,3.2878,-2.35,-8.56,False
"SINTEF LFP-NMP-1 (78um, 1.539 cm2)",78.0,1.539380e-04,acfc66,21852.0,0.45,0.98,3.1012,3.07876,3.2878,0.73,-5.68,False
"SINTEF LFP-NMP-1 (78um, 1.539 cm2)",78.0,1.539380e-04,acfc66,21852.0,0.45,1.0,3.1645,3.07876,3.2878,2.78,-3.75,False
"SINTEF LFP-NMP-1 (78um, 1.539 cm2)",78.0,1.539380e-04,acfc66,21852.0,0.5,0.8,2.8129,3.07876,3.2878,-8.64,-14.45,False
"SINTEF LFP-NMP-1 (78um, 1.539 cm2)",78.0,1.539380e-04,acfc66,21852.0,0.5,0.85,2.9887,3.07876,3.2878,-2.93,-9.1,False
"SINTEF LFP-NMP-1 (78um, 1.539 cm2)",78.0,1.539380e-04,acfc66,21852.0,0.5,0.9,3.1645,3.07876,3.2878,2.78,-3.75,False
"SINTEF LFP-NMP-1 (78um, 1.539 cm2)",78.0,1.539380e-04,acfc66,21852.0,0.5,0.95,3.3403,3.07876,3.2878,8.49,1.6,False
"SINTEF LFP-NMP-1 (78um, 1.539 cm2)",78.0,1.539380e-04,acfc66,21852.0,0.5,0.98,3.4458,3.07876,3.2878,11.92,4.8,False
"SINTEF LFP-NMP-1 (78um, 1.539 cm2)",78.0,1.539380e-04,acfc66,21852.0,0.5,1.0,3.5161,3.07876,3.2878,14.2,6.94,False
"SINTEF LFP-NMP-1 (78um, 1.539 cm2)",78.0,1.539380e-04,acfc66,21852.0,0.55,0.8,3.0942,3.07876,3.2878,0.5,-5.89,False
"SINTEF LFP-NMP-1 (78um, 1.539 cm2)",78.0,1.539380e-04,acfc66,21852.0,0.55,0.85,3.2875,3.07876,3.2878,6.78,-0.01,True
"SINTEF LFP-NMP-1 (78um, 1.539 cm2)",78.0,1.539380e-04,acfc66,21852.0,0.55,0.9,3.4809,3.07876,3.2878,13.06,5.87,False
"SINTEF LFP-NMP-1 (78um, 1.539 cm2)",78.0,1.539380e-04,acfc66,21852.0,0.55,0.95,3.6743,3.07876,3.2878,19.34,11.76,False
"SINTEF LFP-NMP-1 (78um, 1.539 cm2)",78.0,1.539380e-04,acfc66,21852.0,0.55,0.98,3.7903,3.07876,3.2878,23.11,15.29,False
"SINTEF LFP-NMP-1 (78um, 1.539 cm2)",78.0,1.539380e-04,acfc66,21852.0,0.55,1.0,3.8677,3.07876,3.2878,25.63,17.64,False
"SINTEF LFP-NMP-1 (78um, 1.539 cm2)",78.0,1.539380e-04,acfc66,21852.0,0.6,0.8,3.3755,3.07876,3.2878,9.64,2.67,False
"SINTEF LFP-NMP-1 (78um, 1.539 cm2)",78.0,1.539380e-04,acfc66,21852.0,0.6,0.85,3.5864,3.07876,3.2878,16.49,9.08,False
"SINTEF LFP-NMP-1 (78um, 1.539 cm2)",78.0,1.539380e-04,acfc66,21852.0,0.6,0.9,3.7974,3.07876,3.2878,23.34,15.5,False
"SINTEF LFP-NMP-1 (78um, 1.539 cm2)",78.0,1.539380e-04,acfc66,21852.0,0.6,0.95,4.0083,3.07876,3.2878,30.19,21.92,False
"SINTEF LFP-NMP-1 (78um, 1.539 cm2)",78.0,1.539380e-04,acfc66,21852.0,0.6,0.98,4.1349,3.07876,3.2878,34.3,25.77,False
"SINTEF LFP-NMP-1 (78um, 1.539 cm2)",78.0,1.539380e-04,acfc66,21852.0,0.6,1.0,4.2193,3.07876,3.2878,37.05,28.33,False
"SINTEF LFP-NMP-1 (78um, 1.539 cm2)",78.0,1.539380e-04,acfc66,21852.0,0.65,0.8,3.6567,3.07876,3.2878,18.77,11.22,False
"SINTEF LFP-NMP-1 (78um, 1.539 cm2)",78.0,1.539380e-04,acfc66,21852.0,0.65,0.85,3.8853,3.07876,3.2878,26.2,18.17,False
"SINTEF LFP-NMP-1 (78um, 1.539 cm2)",78.0,1.539380e-04,acfc66,21852.0,0.65,0.9,4.1138,3.07876,3.2878,33.62,25.12,False
"SINTEF LFP-NMP-1 (78um, 1.539 cm2)",78.0,1.539380e-04,acfc66,21852.0,0.65,0.95,4.3424,3.07876,3.2878,41.04,32.08,False
"SINTEF LFP-NMP-1 (78um, 1.539 cm2)",78.0,1.539380e-04,acfc66,21852.0,0.65,0.98,4.4795,3.07876,3.2878,45.5,36.25,False
"SINTEF LFP-NMP-1 (78um, 1.539 cm2)",78.0,1.539380e-04,acfc66,21852.0,0.65,1.0,4.5709,3.07876,3.2878,48.47,39.03,False
"SINTEF LFP-NMP-1 (78um, 1.539 cm2)",78.0,1.539380e-04,acfc66,21852.0,0.7,0.8,3.938,3.07876,3.2878,27.91,19.78,False
"SINTEF LFP-NMP-1 (78um, 1.539 cm2)",78.0,1.539380e-04,acfc66,21852.0,0.7,0.85,4.1842,3.07876,3.2878,35.9,27.26,False
"SINTEF LFP-NMP-1 (78um, 1.539 cm2)",78.0,1.539380e-04,acfc66,21852.0,0.7,0.9,4.4303,3.07876,3.2878,43.9,34.75,False
"SINTEF LFP-NMP-1 (78um, 1.539 cm2)",78.0,1.539380e-04,acfc66,21852.0,0.7,0.95,4.6764,3.07876,3.2878,51.89,42.24,False
"SINTEF LFP-NMP-1 (78um, 1.539 cm2)",78.0,1.539380e-04,acfc66,21852.0,0.7,0.98,4.8241,3.07876,3.2878,56.69,46.73,False
"SINTEF LFP-NMP-1 (78um, 1.539 cm2)",78.0,1.539380e-04,acfc66,21852.0,0.7,1.0,4.9225,3.07876,3.2878,59.89,49.72,False
