time_s,voltage_exp_V,voltage_sim_V,residual_V
0.0,0.1100081354,0.11666139761463169,0.006653262214631694
70.0,0.1110087186,0.1169218880459181,0.005913169445918104
140.0,0.1116424352,0.11726054690370781,0.005618111703707809
220.0,0.1121872067,0.11690694180297226,0.004719735102972258
290.0,0.1125911474,0.11638028384269593,0.003789136442695934
370.0,0.1129839867,0.11581768786638905,0.0028337011663890493
440.0,0.1132937968,0.11543786462468716,0.0021440678246871653
510.0,0.1135895252,0.11510663302650236,0.0015171078265023563
590.0,0.1138600558,0.11479755715448993,0.0009375013544899308
660.0,0.1140950322,0.11459498494837926,0.0004999527483792593
740.0,0.1143173873,0.11435780172814924,4.041442814924079e-05
810.0,0.1145100892,0.11415965093785788,-0.00035043826214212204
890.0,0.1146813035,0.11395872475030612,-0.0007225787496938779
960.0,0.1148287952,0.11379116364046504,-0.0010376315595349572
1030.0,0.1149399728,0.11363410144658692,-0.0013058713534130767
1110.0,0.1150837541,0.11351109391328634,-0.001572660186713662
1180.0,0.1151356399,0.11343471889861755,-0.0017009210013824577
1260.0,0.1152364463,0.11330039117694098,-0.0019360551230590273
1330.0,0.1152727753,0.11317678122492415,-0.002095994075075852
1410.0,0.1153468937,0.1130293981134211,-0.0023174955865788993
1480.0,0.115393579,0.11294193769536706,-0.0024516413046329344
1550.0,0.1153735667,0.11285152515078958,-0.002522041549210416
1630.0,0.1154165566,0.11275818402384183,-0.002658372576158169
1700.0,0.1154069304,0.11272068377423568,-0.0026862466257643186
1780.0,0.1153965443,0.11264676105028107,-0.0027497832497189317
1850.0,0.1153794974,0.11257026414777906,-0.0028092332522209468
1920.0,0.1153239161,0.11251358495627406,-0.002810331143725947
2000.0,0.1153090894,0.11248654351573407,-0.00282254588426592
2070.0,0.1152890772,0.11247513906338681,-0.002813938136613195
2150.0,0.1152119786,0.11243664593268739,-0.0027753326673126133
2220.0,0.115163058,0.11237801127374866,-0.002785046726251336
2300.0,0.1150985807,0.11238501900426266,-0.002713561695737332
2370.0,0.1150644869,0.11237608949627903,-0.0026883974037209685
2440.0,0.1150103807,0.11241799608086823,-0.002592384619131763
2520.0,0.1149755418,0.11240621540565945,-0.002569326394340543
2590.0,0.114906624,0.11241519248782458,-0.0024914315121754155
2670.0,0.1148577034,0.11244721356665488,-0.002410489833345117
2740.0,0.1147813648,0.11246533658914266,-0.0023160282108573294
2820.0,0.1147576421,0.11253567316555808,-0.0022219689344419175
2890.0,0.1146798134,0.11259915942504237,-0.0020806539749576303
2960.0,0.1146301627,0.11267007238556212,-0.001960090314437876
3040.0,0.1145901382,0.11280265374730114,-0.0017874844526988565
3110.0,0.114544183,0.11290457476133679,-0.001639608238663201
3190.0,0.1144826561,0.11299673584378779,-0.001485920256212206
3260.0,0.1144337505,0.11315109507426485,-0.0012826554257351491
3330.0,0.1143877953,0.11330251722819434,-0.0010852780718056537
3410.0,0.1143196076,0.11344428358853255,-0.0008753240114674488
3480.0,0.1142536402,0.11361429886624787,-0.0006393413337521386
3560.0,0.1142047197,0.11383591491882589,-0.00036880478117411186
3630.0,0.1141357869,0.1139991807680508,-0.00013660613194919902
3710.0,0.1141076237,0.1142779744937995,0.0001703507937995119
3780.0,0.1140727848,0.11448823185153484,0.0004154470515348452
3850.0,0.1140127629,0.1147288296071117,0.0007160667071117038
3930.0,0.1139801443,0.11502532574886744,0.0010451814488674355
4000.0,0.1139490157,0.11528381191426088,0.0013347962142608721
4080.0,0.1138711721,0.1155897186937515,0.0017185465937514938
4150.0,0.1138222516,0.11592620440389582,0.002103952803895831
4230.0,0.1137881577,0.11627387298785999,0.0024857152878599853
4300.0,0.1137340516,0.11661416000937946,0.002880108409379467
4370.0,0.1137029231,0.11696337972559212,0.0032604566255921147
4450.0,0.1136740297,0.117362337001726,0.003688307301726007
4520.0,0.1136213988,0.11772458883238254,0.004103190032382548
4600.0,0.1135798991,0.11815409583298565,0.004574196732985647
4670.0,0.1135687828,0.11853571175217446,0.00496692895217446
4750.0,0.1135035455,0.11898511943725193,0.005481573937251932
4820.0,0.1135065109,0.11940552803543358,0.005899017135433587
4890.0,0.1134709418,0.11983144975190557,0.00636050795190557
4970.0,0.1133946031,0.12031225577710429,0.006917652677104286
5040.0,0.1133605093,0.1207230532019472,0.0073625439019472105
5120.0,0.1133278906,0.12124553990460397,0.00791764930460398
5190.0,0.1133145541,0.12169393498769673,0.008379380887696727
5260.0,0.113322705,0.1221196816793312,0.0087969766793312
5340.0,0.1132723093,0.12257765221328566,0.009305342913285664
5410.0,0.1132285744,0.12299331012160003,0.009764735721600026
5490.0,0.1132293195,0.12346088249903148,0.010231562999031482
5560.0,0.1131500155,0.12384410287824525,0.010694087378245246
5640.0,0.1131692827,0.12429315106998476,0.01112386836998476
5710.0,0.113101095,0.12468329951034451,0.011582204510344515
5780.0,0.1130803376,0.12505862474304366,0.011978287143043664
5860.0,0.1130543947,0.12546888536916115,0.012414490669161143
5930.0,0.1130284518,0.12581336131386883,0.012784909513868833
6010.0,0.1129921377,0.1262009202845042,0.013208782584504197
6080.0,0.1129654646,0.12654835845593657,0.01358289385593657
6160.0,0.1129254401,0.12693105565665275,0.01400561555665275
6230.0,0.1129017174,0.12725658682535443,0.014354869425354425
6300.0,0.1128750294,0.1276067526395949,0.014731723239594902
6380.0,0.1128772497,0.12799619433809067,0.015118944638090673
6450.0,0.1128424257,0.1283087036277802,0.015466277927780214
6530.0,0.1128439009,0.1286594290432805,0.015815528143280508
6600.000999999989,0.1128016561,0.1289627507944781,0.016161094694478115
6670.000999999989,0.1128031462,0.12926815502145156,0.016465008821451563
6750.000999999989,0.1127801687,0.12963369475488193,0.016853526054881926
6820.000999999989,0.1127312481,0.12995636092332177,0.017225112823321773
6900.000999999989,0.1127186418,0.13033124644403815,0.017612604644038146
6970.000999999989,0.1126897335,0.1306708502382855,0.017981116738285507
7050.000999999989,0.1127060503,0.13107394079627777,0.018367890496277767
7120.000999999989,0.1126549095,0.13143929846805974,0.018784388968059743
7190.000999999989,0.112667501,0.13181786450671457,0.019150363506714563
7270.000999999989,0.1126356274,0.1322649346701537,0.019629307270153717
7340.000999999989,0.1125941128,0.132674302085463,0.020080189285462985
7420.000999999989,0.1126163602,0.13316672380860414,0.02055036360860414
7490.000999999989,0.1125659496,0.1336241358963945,0.021058186296394485
7570.000999999989,0.1125489026,0.1341717660223441,0.021622863422344096
7640.000999999989,0.1125703901,0.13465431635359063,0.022083926253590624
7710.000999999989,0.1125185192,0.1351468934509249,0.0226283742509249
7790.000999999989,0.1125237048,0.135728949889716,0.023205245089716012
7860.000999999989,0.1125022024,0.1362478443645947,0.023745641964594694
7940.000999999989,0.1124992371,0.13686012997079705,0.024360892870797055
8010.000999999989,0.1125140637,0.13739950098484544,0.024885437284845435
8090.000999999989,0.1124666333,0.13801210986090132,0.025545476560901323
8160.000999999989,0.1124821901,0.13851505866746114,0.026032868567461134
8230.00099999999,0.1124703288,0.13904115931052188,0.02657083051052188
8310.00099999999,0.1124532819,0.13961499838829847,0.027161716488298474
8380.00099999999,0.1124103069,0.14012150606907564,0.027711199169075634
8460.00099999999,0.1123977005,0.14069238278232316,0.028294682282323153
8530.00099999999,0.1124140024,0.14116298862554252,0.02874898622554252
8600.00099999999,0.1124221534,0.14159739555109985,0.029175242151099845
8680.00099999999,0.1124065965,0.14206251499884323,0.029655918498843234
8750.00099999999,0.1123636067,0.14246983099245963,0.03010622429245964
8830.00099999999,0.1123406291,0.14293794211422123,0.030597313014221222
8900.00099999999,0.1123717576,0.14328090315724687,0.030909145557246873
8980.00099999999,0.1123228371,0.1436570064426091,0.03133416934260909
9050.00099999999,0.1123102456,0.14398420216088403,0.03167395656088404
9120.00099999999,0.1123339534,0.14428871995931172,0.03195476655931172
9200.00099999999,0.1122657657,0.1446441013098723,0.032378335609872286
9270.00099999999,0.112268731,0.14493322158532035,0.03266449058532035
9350.00099999999,0.1122739166,0.14520705173512674,0.032933135135126745
9420.00099999999,0.1122657657,0.1454757742504561,0.0332100085504561
9500.00099999999,0.1122650355,0.14574664537598442,0.03348160987598442
9570.00099999999,0.1122309417,0.14595868700194375,0.03372774530194375
9640.00099999999,0.1121872067,0.14612798295088889,0.033940776250888885
9720.00099999999,0.1121864617,0.1463395526054926,0.03415309090549261
9790.00099999999,0.1121612638,0.1465378905924003,0.034376626792400305
9870.00099999999,0.1121568233,0.1467256235941949,0.03456880029419489
9940.00099999999,0.1121560782,0.14686880558290916,0.03471272738290916
10010.00099999999,0.1121575534,0.1470128801428202,0.034855326742820214
10090.00099999999,0.1121108681,0.14718645655944154,0.035075588459441545
10160.00099999999,0.1121434718,0.14731156170801835,0.03516808990801834
10240.00099999999,0.112136066,0.14744969420422777,0.03531362820422776
10310.00099999999,0.1120856702,0.14758336701131541,0.03549769681131541
10390.00099999999,0.1120893657,0.14771402150483767,0.035624655804837674
10460.00099999999,0.1120960414,0.14783039269714057,0.035734351297140574
10530.00099999999,0.1120626926,0.14794659401338184,0.03588390141338184
10610.00099999999,0.1120441556,0.14808346665233624,0.03603931105233624
10680.00099999999,0.1120678782,0.14821249547941026,0.03614461727941026
10760.00099999999,0.1120560169,0.1483238037440812,0.03626778684408119
10830.00099999999,0.1120404452,0.1484698247995112,0.0364293795995112
10910.00099999999,0.1120159924,0.14863112708915727,0.03661513468915727
10980.00099999999,0.1120130271,0.14877509550580037,0.036762068405800374
11050.00099999999,0.1120115519,0.14894314400357606,0.03693159210357605
11130.00099999999,0.1120226681,0.1490998653981126,0.037077197298112596
11200.00099999999,0.1120189577,0.14930532677264854,0.03728636907264854
11280.00099999999,0.1120048761,0.14949993231060008,0.03749505621060008
11350.00099999999,0.1119930148,0.14970398389652792,0.03771096909652792
11430.00099999999,0.1119878292,0.14998876021437937,0.038000931014379374
11500.00099999999,0.111977458,0.15021567639707054,0.038238218397070534
11570.00099999999,0.111977458,0.15045998413444978,0.038482526134449774
11650.00099999999,0.1119485497,0.15076874842563817,0.038820198725638175
11720.00099999999,0.111941874,0.15104709507981948,0.03910522107981948
11800.00099999999,0.11195077,0.15138738841834706,0.03943661841834706
11870.00099999999,0.1119292825,0.1517279373890503,0.039798654889050294
11940.00099999999,0.1119351983,0.1520821005137155,0.040146902213715516
12020.00099999999,0.1119366884,0.15248750411629838,0.040550815716298386
12090.00099999999,0.1119114906,0.15289857036607873,0.04098707976607874
12170.00099999999,0.1119092703,0.15336797779819755,0.04145870749819755
12240.00099999999,0.1119085252,0.1538006710777665,0.04189214587776649
12320.00099999999,0.111879617,0.15432059623921435,0.042440979239214346
12390.00099999999,0.1118951887,0.1548006584182864,0.04290546971828642
12460.00099999999,0.1118685007,0.15531900472154142,0.04345050402154142
12540.00099999999,0.1118944436,0.15592552600942358,0.04403108240942358
12610.00099999999,0.1118677557,0.15650244272174524,0.04463468702174524
12690.00099999999,0.111889258,0.15718748556268447,0.045298227562684465
12760.00099999999,0.1118514538,0.15783744948279876,0.045985995682798764
12840.00099999999,0.1118907332,0.15859801354566483,0.046707280345664834
12910.00099999999,0.1118536741,0.15929638994497305,0.04744271584497306
12980.00099999999,0.1118314415,0.16003801863497535,0.04820657713497535
13060.00099999999,0.1118240356,0.16096096490838405,0.04913692930838405
13130.00099999999,0.1118558943,0.1617828380920581,0.0499269437920581
13210.00099999999,0.1118151397,0.1628439100649121,0.051028770364912115
13280.00099999999,0.1118166149,0.1637547063290661,0.05193809142906611
13350.00099999999,0.1118403375,0.16475200345563432,0.05291166595563432
13430.00099999999,0.1118284762,0.1658797459412086,0.05405126974120861
13500.00099999999,0.1118255109,0.1668827893124026,0.05505727841240261
13580.00099999999,0.1117832661,0.1680573764833483,0.056274110383348286
13650.00099999999,0.1118306965,0.169112003218737,0.05728130671873702
13730.00099999999,0.1118240356,0.1703304157106895,0.058506380110689496
13800.00099999999,0.1117840111,0.17145557976772896,0.059671568667728964
13870.00099999999,0.1118084639,0.1725546392968186,0.060746175396818605
13950.00099999999,0.1117662191,0.17383686552439515,0.06207064642439515
14020.00099999999,0.1117751151,0.17500403682236018,0.06322892172236018
14100.00099999999,0.1117899418,0.17644073333267346,0.06465079153267346
14170.00099999999,0.1117610335,0.17772672087183783,0.06596568737183783
14250.00099999999,0.1117669642,0.17926064328114721,0.06749367908114721
14320.00099999999,0.1117521375,0.18072851148956143,0.06897637398956143
14390.00099999999,0.1117810458,0.18231957757259057,0.07053853177259056
14470.00099999999,0.111755833,0.18422954824909274,0.07247371524909274
14540.00099999999,0.1117810458,0.18608540157659956,0.07430435577659955
14620.00099999999,0.1117365658,0.18822907482311618,0.07649250902311618
14690.00099999999,0.1117758453,0.19031180052095492,0.07853595522095493
14770.00099999999,0.1117543578,0.1927163604221483,0.0809620026221483
14840.00099999999,0.1117261946,0.19487636610114367,0.08315017150114368
14910.00099999999,0.1117254496,0.19703423205716816,0.08530878245716816
14990.00099999999,0.1117180437,0.19939300147751782,0.08767495777751781
15060.00099999999,0.1117899418,0.20149297850690592,0.08970303670690592
15140.00099999999,0.1117899418,0.2039098736989232,0.09211993189892319
15210.00099999999,0.1117699295,0.20608877225030975,0.09431884275030974
15280.00099999999,0.1117462069,0.20840349045293058,0.09665728355293057
15360.00099999999,0.1117587984,0.21123112241215614,0.09947232401215614
15430.00099999999,0.1117625087,0.21391217934215162,0.10214967064215162
15510.00099999999,0.1117239743,0.2174078821587923,0.10568390785879231
15580.00099999999,0.1117491722,0.22053291791704768,0.10878374571704769
15660.00099999999,0.1117284149,0.22386157520962227,0.11213316030962227
15730.00099999999,0.1117091477,0.22616335891980222,0.11445421121980222
15800.00099999999,0.1117187887,0.22771903473918928,0.11600024603918928
15880.00099999999,0.1117180437,0.2290310042905405,0.11731296059054049
15950.00099999999,0.1117380559,0.2297952790437797,0.1180572231437797
16030.00099999999,0.1117150784,0.23056558885096126,0.11885051045096126
16100.00099999999,0.1117150784,0.23115658958455704,0.11944151118455704
16180.00099999999,0.1117469519,0.23180423210594403,0.12005728020594403
16250.00099999999,0.1117187887,0.232382467985648,0.12066367928564799
16320.00099999999,0.1117469519,0.2329763463126871,0.1212293944126871
16400.00099999999,0.111729905,0.23384654845594943,0.12211664345594943
16470.00099999999,0.1117476821,0.23476996603541686,0.12302228393541687
16550.00099999999,0.1117261946,0.23610166242951583,0.12437546782951583
16620.00099999999,0.1117046922,0.2375890682745286,0.12588437607452863
16690.00099999999,0.1117054373,0.23960919263203578,0.1279037553320358
16770.00099999999,0.111729905,0.24291613392183087,0.13118622892183085
16840.00099999999,0.1117350906,0.24689227923003085,0.13515718863003084
16920.00099999999,0.1117284149,0.2529906375747537,0.1412622226747537
16990.00099999999,0.111702472,0.26014110532870477,0.14843863332870477
17070.002000000008,0.1117269397,0.2708306323175919,0.1591036926175919
17140.002000000008,0.1117165536,0.2824141381514629,0.1706975845514629
17210.002000000008,0.1117269397,0.2957220040911342,0.1839950643911342
17290.002000000008,0.1116995066,0.312934726157783,0.201235219557783
17360.002000000008,0.1117432415,0.3291792273417251,0.2174359858417251
17440.002000000008,0.1117387861,0.34937620167007305,0.23763741557007306
17510.002000000008,0.1116913557,0.36817607073259906,0.25648471503259906
17590.002000000008,0.1117002517,0.3915340900075714,0.27983383830757136
17660.002000000008,0.1116972864,0.4131548951114957,0.30145760871149574
17730.002000000008,0.1116980314,0.43601001471575246,0.32431198331575245
17810.002000000008,0.1117313802,0.4644851098792028,0.35275372967920277
17880.002000000008,0.1116972864,0.4921124992911641,0.3804152128911641
17960.002000000008,0.1117402762,0.5277619951334956,0.41602171893349565
18030.002000000008,0.1117098927,0.5641537486542517,0.45244385595425174
18110.002000000008,0.1117180437,0.6142134330660246,0.5024953893660246
18180.002000000008,0.111720264,0.668474536379368,0.556754272379368
18250.002000000008,0.1117269397,0.7396952554064775,0.6279683157064775
18330.002000000008,0.1117076576,0.8674224137013186,0.7557147561013186
18400.002000000008,0.1117387861,1.0293510455645516,0.9176122594645516
18480.002000000008,0.1117158234,1.2390165476096362,1.1273007242096362
18550.002000000008,0.111729905,1.4225747214711384,1.3108448164711384
18620.002000000008,0.1117336005,1.6062283609548682,1.4944947604548682
18700.002000000008,0.1117106229,1.816229182030059,1.704518559130059
18770.002000000008,0.1117454618,2.000077842033277,1.888332380233277
18850.002000000008,0.1117476821,2.210305033328438,2.0985573512284383
18920.002000000008,0.1117573231,2.394350852224867,2.282593529124867
19000.002000000008,0.111720264,2.604794781396703,2.493074517396703
19070.002000000008,0.1117536128,2.789029666498118,2.677276053698118
19140.002000000008,0.1117676944,2.9733594460061283,2.861591751606128
19220.002000000008,0.1117565781,3.1841361502481536,3.0723795721481535
