parameter,factor,rate,rmse_mV,mae_mV,bias_mV,Q_exp_Ah,Q_sim_Ah,capacity_error_pct,runtime_s
BASELINE,1.0,C10,82.33269564510856,64.94824533495661,64.94824533495661,4.99775592,5.119626355603564,2.4385031513016218,1.2034969940000053
BASELINE,1.0,C2,115.80890895505135,87.96807110939886,87.69112029973786,4.92394309,5.055044840342846,2.662535856864377,1.2034969940000053
BASELINE,1.0,1C,70.0201912418658,64.22124212866589,64.22124212866589,4.92969848,4.978707653802137,0.9941616916525285,1.2034969940000053
BASELINE,1.0,1p5C,46.83735555078302,39.806487857945804,27.08661234268426,4.92251608,4.896284873635219,-0.5328820858779475,1.2034969940000053
Dsn,0.8,C10,81.62627030893496,64.61256975118069,64.61256975118069,4.99775592,5.117269444391825,2.391343761178009,1.2813740240000016
Dsn,0.8,C2,110.18614559105264,84.86417659613791,84.60003930425806,4.92394309,5.043320724234379,2.424431640504173,1.2813740240000016
Dsn,0.8,1C,56.38270538756413,53.283693569721684,53.283693569721684,4.92969848,4.955436761766572,0.522106613031074,1.2813740240000016
Dsn,0.8,1p5C,53.38214251533351,45.69560212395795,19.841566370689723,4.92251608,4.86187571524709,-1.2318977483748494,1.2813740240000016
Dsn,1.2,C10,82.80025912680689,65.17022135070724,65.17022135070724,4.99775592,5.121197187841724,2.469933902688941,1.165292438999984
Dsn,1.2,C2,119.3950255291153,89.95175107850757,89.66549051890179,4.92394309,5.062861994347096,2.821293865666839,1.165292438999984
Dsn,1.2,1C,79.44963983965448,70.81193015583722,70.81193015583722,4.92969848,4.994218728199946,1.3088071909815029,1.165292438999984
Dsn,1.2,1p5C,44.38590422088163,37.21941302154384,34.65709744249685,4.92251608,4.919199164581731,-0.06738252073458055,1.165292438999984
Dsp,0.8,C10,79.97566997740546,62.358829565762676,62.356007483256974,4.99775592,5.1170665551880266,2.3872841550858728,1.1440588950000006
Dsp,0.8,C2,108.3698698298091,78.47439250084128,77.95235560773304,4.92394309,5.0508640968845295,2.5776294438149097,1.1440588950000006
Dsp,0.8,1C,54.209341501467854,47.30387773685234,47.044206672509354,4.92969848,4.971245868222968,0.842797757135199,1.1440588950000006
Dsp,0.8,1p5C,43.02889041811969,34.5641720539216,5.278795990890206,4.92251608,4.8818564103456685,-0.8259936380813562,1.1440588950000006
Dsp,1.2,C10,83.9011528866461,66.67808382278436,66.67808382278436,4.99775592,5.121297882347803,2.471948697082483,1.0950477540000065
Dsp,1.2,C2,120.99947377189253,94.36042747571842,94.25431199007208,4.92394309,5.057781008888165,2.718104503684776,1.0950477540000065
Dsp,1.2,1C,81.16979716205813,75.92386528681794,75.92386528681794,4.92969848,4.983453140775899,1.0904249214020776,1.0950477540000065
Dsp,1.2,1p5C,55.57749064325406,50.01111004368752,42.12178566635794,4.92251608,4.9046083311774655,-0.36379259166452055,1.0950477540000065
j0n,0.8,C10,79.33414942719176,61.69242711978192,61.65985433525459,4.99775592,5.117144242909659,2.3888386071814973,1.096496435000006
j0n,0.8,C2,108.18626175344673,79.3793443586515,78.24230462221786,4.92394309,5.051184466480773,2.584135806508141,1.096496435000006
j0n,0.8,1C,59.558127810651136,52.97075410027195,52.97075410027195,4.92969848,4.974173340217562,0.9021821597811434,1.096496435000006
j0n,0.8,1p5C,40.929396408469934,33.985106505656866,16.92145573489452,4.92251608,4.890895892900516,-0.6423582287106424,1.096496435000006
j0n,1.2,C10,84.37150769257988,67.16238402783269,67.16238402783269,4.99775592,5.12131620347608,2.4723152841781713,1.1118934109999827
j0n,1.2,C2,121.72540962259541,94.74858818024074,94.74858818024074,4.92394309,5.05793190858388,2.721169114565868,1.1118934109999827
j0n,1.2,1C,78.36171845582398,73.02207726586185,73.02207726586185,4.92969848,4.982153029715175,1.0640518873108586,1.1118934109999827
j0n,1.2,1p5C,52.40664286168482,45.77991014205504,35.61842604048794,4.92251608,4.900405966968658,-0.4491628401413396,1.1118934109999827
j0p,0.8,C10,82.02123280202095,64.58859747058823,64.58859747058823,4.99775592,5.11944638769564,2.4349021769682504,0.9939562659999979
j0p,0.8,C2,114.18062034029909,86.14879014711572,85.74938742709558,4.92394309,5.054315248962857,2.647718638902008,0.9939562659999979
j0p,0.8,1C,65.640290974032,59.70473617631722,59.70473617631722,4.92969848,4.976834009748741,0.9561544167451962,0.9939562659999979
j0p,0.8,1p5C,43.549852896637304,36.58194913729438,20.620854935728236,4.92251608,4.8927752095423775,-0.6041802601409226,0.9939562659999979
j0p,1.2,C10,82.54007321623972,65.18767730594908,65.18767730594908,4.99775592,5.119744970131704,2.440876507064462,1.0946100240000192
j0p,1.2,C2,116.90647728967191,89.20066975340669,88.99190960647161,4.92394309,5.055533503560207,2.6724600823972464,1.0946100240000192
j0p,1.2,1C,73.04532003296998,67.316802232918,67.316802232918,4.92969848,4.979998114832027,1.0203389727808834,1.0946100240000192
j0p,1.2,1p5C,49.41333933626539,42.7429350487697,32.268520272740176,4.92251608,4.898863891716003,-0.48048981251875383,1.0946100240000192
De,0.8,C10,81.67272166098907,64.15119037939665,64.15119037939665,4.99775592,5.119277132603652,2.431515555158435,1.1188945450000176
De,0.8,C2,112.96227792385238,84.43871397255289,84.0189710625379,4.92394309,5.053948782686468,2.6402761021039316,1.1188945450000176
De,0.8,1C,60.30557641582254,53.9931618360438,53.9931618360438,4.92969848,4.97508152166202,0.920604816828874,1.1188945450000176
De,0.8,1p5C,40.41177745100909,32.474836727262584,6.28232501725142,4.92251608,4.885723816929263,-0.7474279915554264,1.1188945450000176
De,1.2,C10,82.77151250692263,65.47748509765859,65.47748509765859,4.99775592,5.119855118944406,2.4430804724934494,1.0069653760000108
De,1.2,C2,117.64090362344044,90.22342059978752,90.0297871860329,4.92394309,5.055739534044348,2.6766443404273472,1.0069653760000108
De,1.2,1C,75.79444729659119,70.22018320363333,70.22018320363333,4.92969848,4.980789093324969,1.036384142605186,1.0069653760000108
De,1.2,1p5C,53.635450721286425,47.617862738702335,38.54699225358019,4.92251608,4.901613807244392,-0.424625789248978,1.0069653760000108
kappa_e,0.8,C10,81.88580006238215,64.40809260544229,64.40809260544229,4.99775592,5.11939517223502,2.433877407823061,1.010624139000015
kappa_e,0.8,C2,113.834859984803,85.56004830259882,85.10892250638338,4.92394309,5.054283159315026,2.6470669325917426,1.010624139000015
kappa_e,0.8,1C,65.31305484573502,59.08061859541567,59.08061859541567,4.92969848,4.9770498408411035,0.9605325971397664,1.010624139000015
kappa_e,0.8,1p5C,42.537440531947325,35.526399469053025,20.128331524228976,4.92251608,4.893305328748283,-0.5934109869219093,1.010624139000015
kappa_e,1.2,C10,82.63084356216085,65.30806594275404,65.30806594275404,4.99775592,5.119779403931385,2.4415654922856715,1.2421147509999741
kappa_e,1.2,C2,117.13723601151978,89.59747794494162,89.4119901584728,4.92394309,5.055549580383941,2.67278658543434,1.2421147509999741
kappa_e,1.2,1C,73.18943871120385,67.64728871392612,67.64728871392612,4.92969848,4.97980265392347,1.0163740059710598,1.2421147509999741
kappa_e,1.2,1p5C,49.93722119988744,43.161015010990695,32.202837824279754,4.92251608,4.898241278103401,-0.4931380924325803,1.2421147509999741
Rn,0.8,C10,85.77673727939016,68.08256481296516,68.08256481296516,4.99775592,5.125051464748829,2.547054053588684,1.129624204999999
Rn,0.8,C2,130.44844830863929,100.3989449394222,100.3989449394222,4.92394309,5.075434704584121,3.076632118104383,1.129624204999999
Rn,0.8,1C,99.71258079021773,88.49259916353323,88.49259916353323,4.92969848,5.0164152554825066,1.759068548194588,1.129624204999999
Rn,0.8,1p5C,60.372062459838176,57.416932819944336,57.416932819944336,4.92251608,4.950817818984735,0.5749445715316921,1.129624204999999
Rn,1.2,C10,78.66392146523413,61.733163678512454,61.71786922544118,4.99775592,5.11348676242847,2.3156561521009476,1.0823393230000136
Rn,1.2,C2,99.31486699930731,75.35756348859235,74.44908350568527,4.92394309,5.031286876261905,2.1800371023765335,1.0823393230000136
Rn,1.2,1C,40.544719335473744,34.73730999654242,34.73730999654242,4.92969848,4.934087636609279,0.08903499122889716,1.0823393230000136
Rn,1.2,1p5C,57.30204712507421,45.65716668763738,6.124364681404936,4.92251608,4.831375751202965,-1.8514988537535697,1.0823393230000136
Rp,0.8,C10,85.96671974065808,68.97296003043886,68.97296003043886,4.99775592,5.1233365364059065,2.512740086072593,1.2622812769999996
Rp,0.8,C2,128.5624084925877,103.46880564580059,103.46880564580059,4.92394309,5.061447825018583,2.792573604228694,1.2622812769999996
Rp,0.8,1C,98.14919956290481,93.35753188099284,93.35753188099284,4.92969848,4.990133760587616,1.2259427393542388,1.2622812769999996
Rp,0.8,1p5C,74.54057035569734,68.1820202799074,65.81812540904468,4.92251608,4.916055299175725,-0.1312495626073231,1.2622812769999996
Rp,1.2,C10,77.9409448222728,60.16785932651763,60.102750900352554,4.99775592,5.114952547636942,2.3449850195353554,1.2030339829999832
Rp,1.2,C2,101.7756565082738,69.930228207601,69.06609242525126,4.92394309,5.047009548274853,2.499347698083434,1.2030339829999832
Rp,1.2,1C,39.8315495142974,34.24071051484154,30.416816650498646,4.92969848,4.963441343321125,0.6844812813201706,1.2030339829999832
Rp,1.2,1p5C,50.926372992715166,40.16006682734683,-16.646288254983617,4.92251608,4.863871374020285,-1.1913563110131213,1.2030339829999832
brug_e,0.8,C10,83.69364633978233,66.58597484449405,66.58597484449405,4.99775592,5.120328746922052,2.4525572853916326,1.127023691000005
brug_e,0.8,C2,121.64792997092746,95.13655021270718,95.11249844273807,4.92394309,5.057230199638302,2.7069181589241755,1.127023691000005
brug_e,0.8,1C,86.1823929303907,81.12922717504543,81.12922717504543,4.92969848,4.984335291805934,1.1083195458626496,1.127023691000005
brug_e,0.8,1p5C,67.33013344487328,61.11295543743171,55.810882381526504,4.92251608,4.9089316449685905,-0.2759652748845835,1.127023691000005
brug_e,1.2,C10,80.35041637289002,62.54459266927796,62.54439355036334,4.99775592,5.118580429362609,2.417575233698263,1.4171840289999977
brug_e,1.2,C2,107.16410497243179,77.22196790981701,76.2561543657878,4.92394309,5.051629346204198,2.5931708362656574,1.4171840289999977
brug_e,1.2,1C,43.93105525848201,37.011085853980646,35.48596283045991,4.92969848,4.968597571032918,0.7890764757871741,1.4171840289999977
brug_e,1.2,1p5C,55.90405039109865,47.03541105201713,-33.861328722389494,4.92251608,4.865396971991261,-1.160364071552997,1.4171840289999977
