SOC,Voltage,branch,time_s,current_A,capacity_Ah
0.08124582401237246,1.0000014305,delithiation,148461.311,-4.32745e-05,-0.001784649187965569
0.08125389980264042,0.9996502995,delithiation,148460.006,-4.32742e-05,-0.001784633501013694
0.08131578432548825,0.9971640706,delithiation,148450.006,-4.3276e-05,-0.0017845132924025828
0.0813776700638581,0.9946349263,delithiation,148440.006,-4.32759e-05,-0.0017843930814303607
0.08143955580222817,0.9921341538,delithiation,148430.006,-4.3276e-05,-0.0017842728704581385
0.0815014417551021,0.9896449447,delithiation,148420.006,-4.32762e-05,-0.0017841526590692497
0.08156332692146173,0.9871165156,delithiation,148410.006,-4.32749e-05,-0.0017840324492081384
0.08162521208782136,0.9846504331,delithiation,148400.006,-4.32762e-05,-0.0017839122393470271
0.08168709703967703,0.9821279645,delithiation,148390.006,-4.32746e-05,-0.0017837920299025828
0.08174898206303405,0.9796611667,delithiation,148380.006,-4.32763e-05,-0.0017836718203192493
0.08181086815891048,0.977196455,delithiation,148370.006,-4.32761e-05,-0.0017835516086525827
0.08187275311076625,0.9746844172,delithiation,148360.006,-4.32747e-05,-0.0017834313992081382
0.08193463806262202,0.9722427726,delithiation,148350.006,-4.32761e-05,-0.0017833111897636936
0.08199652287147496,0.9697610736,delithiation,148340.006,-4.32745e-05,-0.001783190980597027
0.08205840760882677,0.9673202038,delithiation,148330.006,-4.3276e-05,-0.0017830707715692491
0.08212029213167449,0.9648837447,delithiation,148320.006,-4.32742e-05,-0.0017829505629581382
0.0821821763685171,0.9624613523,delithiation,148310.006,-4.32756e-05,-0.0017828303549025826
0.08224406232139114,0.9600189924,delithiation,148300.006,-4.32766e-05,-0.0017827101435136936
0.08230594863177154,0.9575980902,delithiation,148290.006,-4.32761e-05,-0.0017825899314303604
0.08236783379813117,0.9551327229,delithiation,148280.006,-4.3275e-05,-0.001782469721569249
0.08242971860698411,0.9527266622,delithiation,148270.006,-4.32756e-05,-0.0017823495124025825
0.08249160320133331,0.9502827525,delithiation,148260.006,-4.32747e-05,-0.0017822293036525824
0.08255348793868511,0.9479011297,delithiation,148250.006,-4.32758e-05,-0.0017821090946248046
0.08261537353405246,0.9455062151,delithiation,148240.006,-4.32759e-05,-0.0017819888839303603
0.08267725920092117,0.9431179166,delithiation,148230.006,-4.32759e-05,-0.001781868673097027
0.08273914486778977,0.9407170415,delithiation,148220.006,-4.32759e-05,-0.0017817484622636938
0.08280103074916245,0.9383443594,delithiation,148210.006,-4.32762e-05,-0.0017816282510136937
0.08286291663053502,0.9359716773,delithiation,148200.006,-4.32759e-05,-0.0017815080397636939
0.08292480136788682,0.9335759878,delithiation,148190.006,-4.32746e-05,-0.001781387830735916
0.08298668524722275,0.9312232733,delithiation,148180.006,-4.32747e-05,-0.0017812676233748051
0.08304856926956139,0.9288868904,delithiation,148170.006,-4.32748e-05,-0.0017811474157359162
0.08311045372090797,0.9265460968,delithiation,148160.006,-4.32753e-05,-0.001781027207263694
0.08317233874426488,0.9242267609,delithiation,148150.006,-4.32756e-05,-0.0017809069976803607
0.08323422419662974,0.921914041,delithiation,148140.006,-4.32759e-05,-0.001780786787263694
0.08329610979199698,0.9195888042,delithiation,148130.006,-4.32758e-05,-0.0017806665765692498
0.08335799545886569,0.9172865152,delithiation,148120.006,-4.3276e-05,-0.0017805463657359164
0.083419881268737,0.914999783,delithiation,148110.006,-4.3276e-05,-0.0017804261546248055
0.08348176700710697,0.9127078652,delithiation,148100.006,-4.32759e-05,-0.0017803059436525832
0.0835436524594717,0.9104456306,delithiation,148090.006,-4.32756e-05,-0.0017801857332359167
0.08360553712532215,0.9081581831,delithiation,148080.006,-4.32748e-05,-0.0017800655243470278
0.08366742214867906,0.9059404135,delithiation,148070.006,-4.32761e-05,-0.0017799453147636945
0.08372930781554777,0.9036884904,delithiation,148060.006,-4.32757e-05,-0.0017798251039303611
0.08379119255289946,0.9014544487,delithiation,148050.006,-4.32748e-05,-0.0017797048949025835
0.08385307729025127,0.8992685676,delithiation,148040.006,-4.32757e-05,-0.0017795846858748056
0.08391496288561873,0.8970855474,delithiation,148030.006,-4.3276e-05,-0.0017794644751803611
0.08397684848098597,0.8948885202,delithiation,148020.006,-4.32757e-05,-0.0017793442644859169
0.08403873343284174,0.8926885128,delithiation,148010.006,-4.32751e-05,-0.0017792240550414723
0.08410061788418821,0.8905226588,delithiation,148000.006,-4.3275e-05,-0.0017791038465692502
0.08416250212103082,0.88835603,delithiation,147990.006,-4.32748e-05,-0.0017789836385136946
0.08422438671538002,0.8862249851,delithiation,147980.006,-4.32755e-05,-0.0017788634297636946
0.08428627102372377,0.8840717077,delithiation,147970.006,-4.32744e-05,-0.0017787432215692503
0.08434815468855605,0.8819503188,delithiation,147960.006,-4.32746e-05,-0.0017786230146248057
0.08441003906840128,0.879861474,delithiation,147950.006,-4.32754e-05,-0.0017785028062914723
0.084471923591249,0.8777526617,delithiation,147940.006,-4.32748e-05,-0.0017783825976803614
0.08453380897211249,0.8756927848,delithiation,147930.006,-4.32766e-05,-0.0017782623874025836
0.08459569435297587,0.8735891581,delithiation,147920.006,-4.32748e-05,-0.001778142177124806
0.0846575782323119,0.8715240359,delithiation,147910.006,-4.32745e-05,-0.001778021969763695
0.08471946304116496,0.869499743,delithiation,147900.006,-4.32761e-05,-0.0017779017605970284
0.0847813484935297,0.867447257,delithiation,147890.006,-4.32754e-05,-0.0017777815501803618
0.08484323380289194,0.8654311299,delithiation,147880.006,-4.32759e-05,-0.0017776613400414727
0.08490511939825929,0.8634171486,delithiation,147870.006,-4.32758e-05,-0.0017775411293470284
0.0849670042786137,0.8613913655,delithiation,147860.006,-4.32749e-05,-0.0017774209200414727
0.08502888801494712,0.859382689,delithiation,147850.006,-4.32742e-05,-0.0017773007129581395
0.0850907715367768,0.8574013114,delithiation,147840.006,-4.32746e-05,-0.0017771805062914727
0.08515265641713121,0.8554756045,delithiation,147830.006,-4.32761e-05,-0.001777060296985917
0.08521454237000503,0.8535290956,delithiation,147820.006,-4.32761e-05,-0.0017769400855970282
0.08527642846588157,0.8515885472,delithiation,147810.006,-4.32763e-05,-0.0017768198739303615
0.08533831348923859,0.8496102095,delithiation,147800.006,-4.32746e-05,-0.0017766996643470282
0.08540019794058507,0.847705245,delithiation,147790.006,-4.32755e-05,-0.001776579455874806
0.08546208274943823,0.8457921147,delithiation,147780.006,-4.32751e-05,-0.0017764592467081391
0.08552396691477937,0.8438619375,delithiation,147770.006,-4.32746e-05,-0.0017763390387914727
0.08558585179513378,0.8420029283,delithiation,147760.006,-4.32761e-05,-0.001776218829485917
0.0856477376050051,0.8401216865,delithiation,147750.006,-4.32759e-05,-0.001776098618374806
0.08570962219935419,0.8382130265,delithiation,147740.006,-4.32744e-05,-0.001775978409624806
0.08577150615019158,0.836368084,delithiation,147730.006,-4.3275e-05,-0.001775858202124806
0.0858333906730393,0.8345024586,delithiation,147720.006,-4.32752e-05,-0.001775737993513695
0.08589527533888985,0.8326500058,delithiation,147710.006,-4.32752e-05,-0.001775617784624806
0.0859571593612285,0.8308014274,delithiation,147700.006,-4.32743e-05,-0.0017754975769859172
0.0860190428115567,0.8289831877,delithiation,147690.006,-4.32744e-05,-0.0017753773704581395
0.08608092719140192,0.8271864057,delithiation,147680.006,-4.32756e-05,-0.0017752571621248061
0.0861428116427485,0.8253636956,delithiation,147670.006,-4.32745e-05,-0.0017751369536525838
0.08620469580808965,0.8235773444,delithiation,147660.006,-4.32752e-05,-0.0017750167457359174
0.08626658033093748,0.8217791319,delithiation,147650.006,-4.3275e-05,-0.0017748965371248062
0.08632846399576977,0.8199735284,delithiation,147640.006,-4.3274e-05,-0.0017747763301803616
0.08639034823261227,0.8182256818,delithiation,147630.006,-4.32758e-05,-0.0017746561221248063
0.08645223354197451,0.8164637685,delithiation,147620.006,-4.32755e-05,-0.0017745359119859172
0.08651411942334708,0.8147322536,delithiation,147610.006,-4.32766e-05,-0.0017744157007359173
0.08657600466120807,0.8129473925,delithiation,147600.006,-4.32746e-05,-0.0017742954907359171
0.08663788939855988,0.8112491965,delithiation,147590.006,-4.32759e-05,-0.0017741752817081393
0.08669977427891418,0.8095221519,delithiation,147580.006,-4.32748e-05,-0.0017740550724025838
0.08676165951677517,0.8078306317,delithiation,147570.006,-4.32764e-05,-0.0017739348624025836
0.08682354511214241,0.8060836196,delithiation,147560.006,-4.32753e-05,-0.0017738146517081394
0.08688543056450726,0.8044120669,delithiation,147550.006,-4.32762e-05,-0.0017736944412914727
0.08694731580236814,0.8026991487,delithiation,147540.006,-4.3275e-05,-0.0017735742312914727
0.087071085348573,0.7993109822,delithiation,147520.006,-4.32743e-05,-0.001773333813097028
0.08713296922790892,0.7976632118,delithiation,147510.006,-4.3275e-05,-0.0017732136057359172
0.08719485360775414,0.7960139513,delithiation,147500.006,-4.3275e-05,-0.0017730933974025838
0.0872567382736047,0.7943721414,delithiation,147490.006,-4.32754e-05,-0.0017729731885136948
0.08731862286795367,0.7927258611,delithiation,147480.006,-4.32749e-05,-0.001772852979763695
0.08738050753380422,0.7910981178,delithiation,147470.006,-4.32755e-05,-0.001772732770874806
0.0874423927716651,0.7894881368,delithiation,147460.006,-4.32757e-05,-0.001772612560874806
0.08750427729451293,0.787866354,delithiation,147450.006,-4.32745e-05,-0.0017724923522636949
0.0875661616028568,0.78627491,delithiation,147440.006,-4.32754e-05,-0.0017723721440692504
0.08762804605420327,0.7846805453,delithiation,147430.006,-4.32747e-05,-0.0017722519355970283
0.08768993064855246,0.7831054926,delithiation,147420.006,-4.32756e-05,-0.0017721317268470282
0.0877518159579147,0.7815474272,delithiation,147410.006,-4.32757e-05,-0.0017720115167081392
0.08781370126727694,0.7799989581,delithiation,147400.006,-4.32756e-05,-0.0017718913065692503
0.08787558629063397,0.7784475684,delithiation,147390.006,-4.32753e-05,-0.0017717710969859168
0.08793747088498305,0.7769140005,delithiation,147380.006,-4.3275e-05,-0.001771650888235917
0.08799935605134268,0.7754174471,delithiation,147370.006,-4.32761e-05,-0.0017715306783748057
0.08806124150370742,0.7738860846,delithiation,147360.006,-4.32754e-05,-0.001771410467958139
0.08812312631256047,0.7723627687,delithiation,147350.006,-4.32752e-05,-0.0017712902587914724
0.0881850114789201,0.7708737254,delithiation,147340.006,-4.32759e-05,-0.0017711700489303611
0.08824689650227702,0.7693697214,delithiation,147330.006,-4.3275e-05,-0.0017710498393470279
0.08830878088212224,0.7678924799,delithiation,147320.006,-4.3275e-05,-0.0017709296310136945
0.08837066619148459,0.7664418817,delithiation,147310.006,-4.32763e-05,-0.0017708094208748054
0.08843255128634275,0.7649579644,delithiation,147300.006,-4.32747e-05,-0.0017706892111525833
0.08849443566618809,0.7635347843,delithiation,147290.006,-4.32753e-05,-0.0017705690028192499
0.08855632083254772,0.7621079683,delithiation,147280.006,-4.32758e-05,-0.0017704487929581386
0.08861820649941632,0.7606610656,delithiation,147270.006,-4.3276e-05,-0.0017703285821248054
0.0886800915942747,0.7592512369,delithiation,147260.006,-4.3275e-05,-0.001770208372402583
0.0887419758311172,0.7578436136,delithiation,147250.006,-4.32748e-05,-0.0017700881643470277
0.08880386021096243,0.7564434409,delithiation,147240.006,-4.32752e-05,-0.0017699679560136943
0.08886574480531162,0.7550662756,delithiation,147230.006,-4.32751e-05,-0.0017698477472636942
0.08892762939966059,0.7537031174,delithiation,147220.006,-4.32752e-05,-0.0017697275385136944
0.08898951463752158,0.7523437738,delithiation,147210.006,-4.3276e-05,-0.0017696073285136942
0.0890514004473929,0.7509969473,delithiation,147200.006,-4.3276e-05,-0.0017694871174025832
0.08911328618576286,0.7496390343,delithiation,147190.006,-4.32759e-05,-0.001769366906430361
0.08917517092311456,0.7482892275,delithiation,147180.006,-4.32746e-05,-0.0017692466974025833
0.08923705451644548,0.7469520569,delithiation,147170.006,-4.32743e-05,-0.0017691264905970276
0.08929893875328809,0.7456652522,delithiation,147160.006,-4.32755e-05,-0.001769006282541472
0.0893608229901306,0.7443340421,delithiation,147150.006,-4.32743e-05,-0.0017688860744859167
0.08942270751297843,0.743073225,delithiation,147140.006,-4.32759e-05,-0.0017687658658748055
0.08948459217882898,0.7417516112,delithiation,147130.006,-4.32745e-05,-0.0017686456569859165
0.08954647691618067,0.7405070662,delithiation,147120.006,-4.3276e-05,-0.0017685254479581389
0.08960836265455063,0.7392336726,delithiation,147110.006,-4.32759e-05,-0.0017684052369859166
0.08967024767790766,0.7379609942,delithiation,147100.006,-4.3275e-05,-0.0017682850274025833
0.08973213241525935,0.7367060781,delithiation,147090.006,-4.32755e-05,-0.0017681648183748054
0.0897940177246217,0.735480845,delithiation,147080.006,-4.32758e-05,-0.0017680446082359164
0.08985590303398383,0.7342482209,delithiation,147070.006,-4.32755e-05,-0.0017679243980970275
0.08991778727082644,0.7329977155,delithiation,147060.006,-4.32743e-05,-0.001767804190041472
0.08997967179367428,0.7318310142,delithiation,147050.006,-4.32759e-05,-0.0017676839814303607
0.09004155753204424,0.7306184173,delithiation,147040.006,-4.3276e-05,-0.0017675637704581387
0.09010344219789468,0.7293775678,delithiation,147030.006,-4.32744e-05,-0.0017674435615692497
0.09016532579122549,0.7281834483,delithiation,147020.006,-4.32745e-05,-0.0017673233547636942
0.09022720931305517,0.7270086408,delithiation,147010.006,-4.32743e-05,-0.0017672031480970274
0.09028909262038087,0.7258322835,delithiation,147000.006,-4.32742e-05,-0.0017670829418470274
0.09035097571320261,0.7246662974,delithiation,146990.006,-4.3274e-05,-0.001766962736013694
0.09041285880602434,0.7235093117,delithiation,146980.006,-4.32742e-05,-0.0017668425301803606
0.09047474332887206,0.7224004269,delithiation,146970.006,-4.3276e-05,-0.0017667223215692496
0.09053662885273817,0.7212693095,delithiation,146960.006,-4.32756e-05,-0.001766602111013694
0.09059851459110813,0.7201485634,delithiation,146950.006,-4.32763e-05,-0.001766481900041472
0.09066040025797684,0.7190033793,delithiation,146940.006,-4.32755e-05,-0.0017663616892081386
0.09072228542433636,0.7178618908,delithiation,146930.006,-4.32756e-05,-0.0017662414793470276
0.09078417080519985,0.71674788,delithiation,146920.006,-4.32758e-05,-0.0017661212690692498
0.09084605611456209,0.7156241536,delithiation,146910.006,-4.32755e-05,-0.001766001058930361
0.0909079409949165,0.7145137787,delithiation,146900.006,-4.32752e-05,-0.0017658808496248052
0.09096982551776434,0.7133826613,delithiation,146890.006,-4.3275e-05,-0.001765760641013694
0.09103170954010287,0.7122812271,delithiation,146880.006,-4.32745e-05,-0.0017656404333748054
0.09115547937231305,0.7101072073,delithiation,146860.006,-4.32748e-05,-0.0017654000146248051
0.0912173636806568,0.7090338469,delithiation,146850.006,-4.32751e-05,-0.0017652798064303609
0.09127924813200339,0.7079487443,delithiation,146840.006,-4.3275e-05,-0.0017651595979581386
0.09134113301235769,0.7069073319,delithiation,146830.006,-4.32757e-05,-0.0017650393886525831
0.09140301882222901,0.705860734,delithiation,146820.006,-4.32763e-05,-0.001764919177541472
0.09146490413159125,0.7047755718,delithiation,146810.006,-4.3275e-05,-0.001764798967402583
0.09158867267677773,0.702681601,delithiation,146790.006,-4.32759e-05,-0.001764558551152583
0.09165055762863339,0.7016327977,delithiation,146780.006,-4.32749e-05,-0.0017644383417081387
0.09171244243748644,0.7006017566,delithiation,146770.006,-4.32757e-05,-0.001764318132541472
0.09177432746084346,0.69956249,delithiation,146760.006,-4.32752e-05,-0.0017641979229581384
0.09183621248420049,0.6985411048,delithiation,146750.006,-4.32757e-05,-0.0017640777133748052
0.09195998203040534,0.6964871883,delithiation,146730.006,-4.32746e-05,-0.0017638372951803605
0.09202186583824012,0.6954776645,delithiation,146720.006,-4.32746e-05,-0.0017637170879581383
0.09208375086159715,0.6945088506,delithiation,146710.006,-4.32763e-05,-0.0017635968783748048
0.09214563617095939,0.6934733987,delithiation,146700.006,-4.3275e-05,-0.0017634766682359158
0.09220752040780189,0.6924727559,delithiation,146690.006,-4.32748e-05,-0.0017633564601803604
0.09226940493064972,0.691496551,delithiation,146680.006,-4.32754e-05,-0.0017632362515692492
0.09233128916749223,0.6904788613,delithiation,146670.006,-4.32744e-05,-0.0017631160435136939
0.092393174119348,0.6895396709,delithiation,146660.006,-4.32764e-05,-0.0017629958340692493
0.09245505985771807,0.6885412931,delithiation,146650.006,-4.32755e-05,-0.001762875623097027
0.0925169445235684,0.6875606179,delithiation,146640.006,-4.32749e-05,-0.0017627554142081382
0.09257882983293064,0.6866266727,delithiation,146630.006,-4.32764e-05,-0.0017626352040692492
0.09270260109516681,0.6846609712,delithiation,146610.006,-4.32747e-05,-0.0017623947825414713
0.09276448611852384,0.6837322712,delithiation,146600.006,-4.32762e-05,-0.0017622745729581378
0.09282637135638472,0.6827589869,delithiation,146590.006,-4.3275e-05,-0.0017621543629581379
0.09295014247561828,0.680871129,delithiation,146570.006,-4.32763e-05,-0.0017619139417081378
0.09301202814248699,0.6799193621,delithiation,146560.006,-4.32755e-05,-0.0017617937308748045
0.09307391273683607,0.6789802313,delithiation,146550.006,-4.32748e-05,-0.0017616735221248046
0.09319768235454229,0.6771168113,delithiation,146530.006,-4.32744e-05,-0.001761433103791471
0.09325956587637174,0.6761791706,delithiation,146520.006,-4.32744e-05,-0.0017613128971248045
0.09332144968420664,0.675278604,delithiation,146510.006,-4.32748e-05,-0.001761192689902582
0.09344521815789175,0.673415184,delithiation,146490.006,-4.32742e-05,-0.0017609522737914711
0.09350710210872915,0.6725293994,delithiation,146480.006,-4.32752e-05,-0.0017608320662914712
0.09363086993890257,0.6706985831,delithiation,146460.006,-4.32747e-05,-0.0017605916514303601
0.09369275424724643,0.669801712,delithiation,146450.006,-4.32752e-05,-0.0017604714432359156
0.09375463962810993,0.6689167023,delithiation,146440.006,-4.32762e-05,-0.0017603512329581379
0.09381652508047467,0.6679990292,delithiation,146430.006,-4.32753e-05,-0.0017602310225414714
0.09387840967482375,0.6671125293,delithiation,146420.006,-4.3275e-05,-0.0017601108137914713
0.09394029426917283,0.6662082672,delithiation,146410.006,-4.32753e-05,-0.0017599906050414715
0.0940640633148686,0.6644382477,delithiation,146390.006,-4.32755e-05,-0.0017597501878192491
0.09412594840972677,0.6635754704,delithiation,146380.006,-4.32755e-05,-0.001759629978097027
0.09418783314707857,0.6626867056,delithiation,146370.006,-4.3275e-05,-0.001759509769069249
0.09424971738392107,0.6618232131,delithiation,146360.006,-4.32748e-05,-0.0017593895610136937
0.0943116017637663,0.6609500051,delithiation,146350.006,-4.32752e-05,-0.0017592693526803603
0.09443536980844369,0.659206748,delithiation,146330.006,-4.32742e-05,-0.0017590289374025826
0.09449725433129152,0.6583564878,delithiation,146320.006,-4.3276e-05,-0.0017589087287914714
0.09462102344848844,0.6566472054,delithiation,146300.006,-4.32751e-05,-0.0017586683114303604
0.0946829076138298,0.6557859182,delithiation,146290.006,-4.32746e-05,-0.0017585481035136937
0.09480667808955145,0.6541063786,delithiation,146270.006,-4.32758e-05,-0.0017583076835136937
0.09493044763575631,0.6524252295,delithiation,146250.006,-4.32755e-05,-0.0017580672653192493
0.09499233215860414,0.6515572667,delithiation,146240.006,-4.32747e-05,-0.0017579470567081381
0.09511610156180628,0.6499087811,delithiation,146220.006,-4.32758e-05,-0.0017577066387914715
0.09523987203752804,0.6482232809,delithiation,146200.006,-4.32744e-05,-0.0017574662187914715
0.09530175656037587,0.6474316716,delithiation,146190.006,-4.32758e-05,-0.0017573460101803604
0.09542552753660682,0.6457630992,delithiation,146170.006,-4.32749e-05,-0.0017571055892081381
0.09554929643929977,0.6441361904,delithiation,146150.006,-4.32745e-05,-0.0017568651722636938
0.09561118103364896,0.6433749199,delithiation,146140.006,-4.32758e-05,-0.0017567449635136937
0.09573495215288241,0.6417887211,delithiation,146120.006,-4.32751e-05,-0.0017565045422636937
0.09585872098407411,0.6402084231,delithiation,146100.006,-4.32762e-05,-0.0017562641254581382
0.09598249138829451,0.6385889053,delithiation,146080.006,-4.32747e-05,-0.0017560237055970272
0.09610625764543934,0.636987865,delithiation,146060.006,-4.3274e-05,-0.0017557832937914715
0.09616814173927934,0.6362214088,delithiation,146050.006,-4.32756e-05,-0.0017556630860136938
0.09629191393103242,0.6346685886,delithiation,146030.006,-4.32762e-05,-0.0017554226626803604
0.09641568240471765,0.6330727339,delithiation,146010.006,-4.32744e-05,-0.0017551822465692493
0.09653944944837678,0.6315488219,delithiation,145990.006,-4.3275e-05,-0.001754941833235916
0.09666321870857641,0.6300070286,delithiation,145970.006,-4.32757e-05,-0.0017547014155970268
0.09678698825478116,0.6284416318,delithiation,145950.006,-4.32742e-05,-0.0017544609974025824
0.09684887249162377,0.6277188659,delithiation,145940.006,-4.32756e-05,-0.0017543407893470268
0.0969107576579834,0.6269539595,delithiation,145930.006,-4.32755e-05,-0.0017542205794859158
0.09697264339635336,0.6262171865,delithiation,145920.006,-4.32764e-05,-0.0017541003685136935
0.09709641444408557,0.6246902347,delithiation,145900.006,-4.32756e-05,-0.0017538599474025824
0.0971582998964503,0.6239394546,delithiation,145890.006,-4.32759e-05,-0.001753739736985916
0.09722018570632163,0.6231938004,delithiation,145880.006,-4.32761e-05,-0.0017536195258748047
0.09728207151619295,0.6224636436,delithiation,145870.006,-4.32759e-05,-0.0017534993147636938
0.0974058396323717,0.6209501028,delithiation,145850.006,-4.32748e-05,-0.001753258899347027
0.09746772379771285,0.6202081442,delithiation,145840.006,-4.32749e-05,-0.0017531386914303605
0.09752960810605682,0.619481802,delithiation,145830.006,-4.3275e-05,-0.001753018483235916
0.09765337793826678,0.6180111766,delithiation,145810.006,-4.32747e-05,-0.001752778064485916
0.097715262318112,0.6172892451,delithiation,145800.006,-4.32753e-05,-0.0017526578561525826
0.09783903207882083,0.6158571839,delithiation,145780.006,-4.32761e-05,-0.0017524174375414714
0.09790091667316991,0.6150996685,delithiation,145770.006,-4.32742e-05,-0.0017522972287914713
0.09802468571886569,0.6137209535,delithiation,145750.006,-4.32762e-05,-0.001752056811569249
0.09808657188624359,0.6130042076,delithiation,145740.006,-4.32763e-05,-0.0017519365997636933
0.0982103408604379,0.6115766168,delithiation,145720.006,-4.32758e-05,-0.00175169618268036
0.09827222559778959,0.6108650565,delithiation,145710.006,-4.32747e-05,-0.0017515759736525824
0.0983959939284722,0.6094552279,delithiation,145690.006,-4.32745e-05,-0.001751335557819249
0.09845787795081073,0.6087629795,delithiation,145680.006,-4.3275e-05,-0.0017512153501803604
0.09858164771151956,0.6073590517,delithiation,145660.006,-4.32748e-05,-0.001750974931569249
0.0987054179012361,0.6059418917,delithiation,145640.006,-4.32744e-05,-0.0017507345121248045
0.09876730256708655,0.6052822471,delithiation,145630.006,-4.3276e-05,-0.0017506143032359157
0.09882918844845923,0.6045943499,delithiation,145620.006,-4.32761e-05,-0.0017504940919859156
0.09889107361481886,0.6038746238,delithiation,145610.006,-4.3275e-05,-0.0017503738821248044
0.09895295835217055,0.603202343,delithiation,145600.006,-4.32755e-05,-0.0017502536730970267
0.09901484273201577,0.602493763,delithiation,145590.006,-4.32745e-05,-0.0017501334647636933
0.09913861206371666,0.6011298895,delithiation,145570.006,-4.32743e-05,-0.0017498930469859156
0.09920049665806574,0.6004784107,delithiation,145560.006,-4.3276e-05,-0.0017497728382359155
0.09926238268244092,0.5998098254,delithiation,145550.006,-4.32763e-05,-0.0017496526267081378
0.09932426813480577,0.5991012454,delithiation,145540.006,-4.32752e-05,-0.0017495324162914712
0.09938615265765349,0.5984237194,delithiation,145530.006,-4.3275e-05,-0.0017494122076803602
0.09950992220385835,0.5970865488,delithiation,145510.006,-4.32749e-05,-0.0017491717894859155
0.09963369368059838,0.5957865119,delithiation,145490.006,-4.32759e-05,-0.0017489313675414712
0.099757464370824,0.594456017,delithiation,145470.006,-4.32756e-05,-0.0017486909471248046
0.09988123441753793,0.5931262374,delithiation,145450.006,-4.32748e-05,-0.0017484505279581378
0.10000500396374279,0.5918394923,delithiation,145430.006,-4.32759e-05,-0.0017482101097636934
0.10012877501147499,0.5905482769,delithiation,145410.006,-4.32751e-05,-0.0017479696886525823
0.10031442865151974,0.5885848403,delithiation,145380.006,-4.32748e-05,-0.00174760906268036
0.1004381976972154,0.5873299241,delithiation,145360.006,-4.32764e-05,-0.001747368645458138
0.10056196895945158,0.5860238671,delithiation,145340.006,-4.32749e-05,-0.0017471282239303599
0.1006857387201604,0.584728241,delithiation,145320.006,-4.32743e-05,-0.0017468878053192487
0.10080950869537286,0.5834822655,delithiation,145300.006,-4.3276e-05,-0.001746647386291471
0.1009951650524673,0.5815551877,delithiation,145270.006,-4.32745e-05,-0.001746286755041471
0.10105704986132025,0.5809621811,delithiation,145260.006,-4.32761e-05,-0.0017461665458748045
0.10118082033704212,0.5797139406,delithiation,145240.006,-4.32763e-05,-0.0017459261258748044
0.10124270571790561,0.5790786743,delithiation,145230.006,-4.32751e-05,-0.0017458059155970266
0.10136647469209992,0.577826798,delithiation,145210.006,-4.32746e-05,-0.0017455654985136934
0.10142835842843345,0.5772004724,delithiation,145200.006,-4.32745e-05,-0.0017454452914303599
0.10155212833214466,0.5760011673,delithiation,145180.006,-4.32763e-05,-0.0017452048725414711
0.10161401357000566,0.5753674507,delithiation,145170.006,-4.32749e-05,-0.001745084662541471
0.10173778232969599,0.574170351,delithiation,145150.006,-4.32761e-05,-0.0017448442458748044
0.10179966828256981,0.5735559464,delithiation,145140.006,-4.32761e-05,-0.0017447240344859157
0.10192343968780848,0.5723388791,delithiation,145120.006,-4.32752e-05,-0.0017444836126803602
0.1020472094485173,0.5711143613,delithiation,145100.006,-4.32746e-05,-0.0017442431940692489
0.10217098049624951,0.5699640512,delithiation,145080.006,-4.3276e-05,-0.0017440027729581377
0.10229475275950395,0.5687661767,delithiation,145060.006,-4.32759e-05,-0.0017437623494859155
0.10241852366423343,0.5675839186,delithiation,145040.006,-4.32759e-05,-0.0017435219286525824
0.10254229392545122,0.5663957596,delithiation,145020.006,-4.32752e-05,-0.0017432815090692492
0.10266606590270033,0.5652424097,delithiation,145000.006,-4.32765e-05,-0.0017430410861525825
0.10278983530590258,0.5640460849,delithiation,144980.006,-4.32748e-05,-0.001742800668235916
0.10291360306457464,0.5628675818,delithiation,144960.006,-4.32744e-05,-0.0017425602535136937
0.10303737246777689,0.5617231727,delithiation,144940.006,-4.32743e-05,-0.0017423198355970269
0.10316113994044374,0.5606143475,delithiation,144920.006,-4.32753e-05,-0.0017420794214303603
0.10328490870013418,0.5594439507,delithiation,144900.006,-4.32751e-05,-0.0017418390047636938
0.10347056391320764,0.5577206016,delithiation,144870.006,-4.32742e-05,-0.001741478375735916
0.10353244822155161,0.5571736097,delithiation,144860.006,-4.32757e-05,-0.0017413581675414715
0.10365621826826554,0.5560639501,delithiation,144840.006,-4.32763e-05,-0.0017411177483748048
0.10377998759996632,0.5549017787,delithiation,144820.006,-4.32743e-05,-0.0017408773305970272
0.10384187219431551,0.5543813705,delithiation,144810.006,-4.3276e-05,-0.0017407571218470272
0.1039656416690189,0.5532287955,delithiation,144790.006,-4.3275e-05,-0.0017405167037914716
0.10408941321726028,0.5521592498,delithiation,144770.006,-4.32763e-05,-0.0017402762817081382
0.10421318555201609,0.5510563254,delithiation,144750.006,-4.32763e-05,-0.001740035858097027
0.10427507179089524,0.5505137444,delithiation,144740.006,-4.32763e-05,-0.0017399156461525825
0.10439884176610781,0.5493870974,delithiation,144720.006,-4.32748e-05,-0.0017396752271248048
0.10452261116930994,0.5482960343,delithiation,144700.006,-4.32749e-05,-0.0017394348092081382
0.10464638057251208,0.5471923947,delithiation,144680.006,-4.32742e-05,-0.0017391943912914716
0.10470826488085605,0.5466772318,delithiation,144670.006,-4.32757e-05,-0.001739074183097027
0.10477014961820774,0.5461265445,delithiation,144660.006,-4.32748e-05,-0.0017389539740692494
0.10483203449856215,0.5456054211,delithiation,144650.006,-4.32759e-05,-0.0017388337647636937
0.10495580325825249,0.5445039868,delithiation,144630.006,-4.32745e-05,-0.0017385933480970272
0.10501768785260168,0.5440058708,delithiation,144620.006,-4.32758e-05,-0.0017384731393470271
0.10507957351947028,0.5434736609,delithiation,144610.006,-4.3276e-05,-0.001738352928513694
0.10514145911483774,0.5429496765,delithiation,144600.006,-4.32757e-05,-0.0017382327178192495
0.10526523066307902,0.5418845415,delithiation,144580.006,-4.3276e-05,-0.0017379922957359163
0.10532711675895545,0.5413612723,delithiation,144570.006,-4.32764e-05,-0.0017378720840692497
0.10538900199681644,0.5408105254,delithiation,144560.006,-4.32748e-05,-0.0017377518740692495
0.1055127697554884,0.5397461653,delithiation,144540.006,-4.32748e-05,-0.0017375114593470276
0.10563653837217624,0.5387195945,delithiation,144520.006,-4.3275e-05,-0.0017372710429581389
0.10576030777537848,0.5377041101,delithiation,144500.006,-4.32757e-05,-0.001737030625041472
0.10588407910911579,0.5366597772,delithiation,144480.006,-4.32749e-05,-0.0017367902033748055
0.106069734536693,0.5351336002,delithiation,144450.006,-4.32755e-05,-0.0017364295739303614
0.10619350429740182,0.5341307521,delithiation,144430.006,-4.32765e-05,-0.00173618915531925
0.1063172747731237,0.5331167579,delithiation,144410.006,-4.32765e-05,-0.00173594873531925
0.10644104653586905,0.5320523381,delithiation,144390.006,-4.32749e-05,-0.0017357083128192498
0.10662670182044398,0.5305721164,delithiation,144360.006,-4.32755e-05,-0.0017353476836525828
0.1067504717241553,0.5295411348,delithiation,144340.006,-4.32747e-05,-0.0017351072647636939
0.10687424191387185,0.5285382271,delithiation,144320.006,-4.32747e-05,-0.0017348668453192493
0.10705989383788528,0.527048409,delithiation,144290.006,-4.32744e-05,-0.0017345062226803605
0.10718366352709263,0.5261203647,delithiation,144270.006,-4.32763e-05,-0.0017342658042081385
0.10736931666662819,0.5246186852,delithiation,144240.006,-4.32749e-05,-0.0017339051792081386
0.10755497288072013,0.5231622458,delithiation,144210.006,-4.32746e-05,-0.0017335445482359161
0.1077406298098249,0.5217435956,delithiation,144180.006,-4.32757e-05,-0.001733183915874805
0.1079262838788776,0.5203078389,delithiation,144150.006,-4.32762e-05,-0.0017328232890692493
0.10811193851994061,0.5188654661,delithiation,144120.006,-4.32757e-05,-0.0017324626611525827
0.1082975932325051,0.5174334049,delithiation,144090.006,-4.32759e-05,-0.001732102033097027
0.10848324851708002,0.5160021782,delithiation,144060.006,-4.32755e-05,-0.00173174140393036
0.10866890308664179,0.5145819783,delithiation,144030.006,-4.32759e-05,-0.0017313807761525821
0.10885455887172579,0.5131603479,delithiation,144000.006,-4.32752e-05,-0.001731020146013693
0.10904021315528245,0.5117401481,delithiation,143970.006,-4.32744e-05,-0.0017306595187914708
0.10916398377400682,0.510838151,delithiation,143950.006,-4.3276e-05,-0.001730419098513693
0.10928775475023766,0.5098827481,delithiation,143930.006,-4.32745e-05,-0.0017301786775414708
0.10941152565496726,0.5090013742,delithiation,143910.006,-4.32767e-05,-0.0017299382567081375
0.10953529613068902,0.5080704093,delithiation,143890.006,-4.32761e-05,-0.0017296978367081375
0.10965906739292508,0.5071128011,delithiation,143870.006,-4.32744e-05,-0.0017294574151803597
0.10978283608111428,0.5062129498,delithiation,143850.006,-4.32755e-05,-0.0017292169986525819
0.10990660748635295,0.5053035021,delithiation,143830.006,-4.3275e-05,-0.0017289765768470264
0.11003037696105644,0.5044037104,delithiation,143810.006,-4.32762e-05,-0.0017287361587914709
0.11015414900980691,0.503518641,delithiation,143790.006,-4.32764e-05,-0.0017284957357359154
0.11027792077255216,0.5025898814,delithiation,143770.006,-4.32748e-05,-0.0017282553132359152
0.11040168860272559,0.5016663671,delithiation,143750.006,-4.32743e-05,-0.0017280148983748042
0.11046357334007739,0.5012853742,delithiation,143740.006,-4.32762e-05,-0.0017278946893470263
0.11058734474531606,0.5003677607,delithiation,143720.006,-4.32755e-05,-0.0017276542675414709
0.11071111586454951,0.4994930923,delithiation,143700.006,-4.32758e-05,-0.001727413846291471
0.1108348858397622,0.498593241,delithiation,143680.006,-4.32757e-05,-0.0017271734272636932
0.11095865452795117,0.4977127016,delithiation,143660.006,-4.3275e-05,-0.0017269330107359156
0.11102054005181727,0.4972991049,delithiation,143650.006,-4.32766e-05,-0.00172681280018036
0.11114430924051555,0.4963785708,delithiation,143630.006,-4.32746e-05,-0.00172657238268036
0.11126807950173334,0.4955498278,delithiation,143610.006,-4.32763e-05,-0.0017263319630970268
0.1113918514074812,0.4946863353,delithiation,143590.006,-4.32763e-05,-0.001726091540319249
0.11151562045317676,0.4937850535,delithiation,143570.006,-4.32747e-05,-0.001725851123097027
0.11163938928436856,0.492928952,delithiation,143550.006,-4.32748e-05,-0.0017256107062914713
0.11182504378242908,0.4916652143,delithiation,143520.006,-4.32747e-05,-0.0017252500786525823
0.11207258466237136,0.4900070727,delithiation,143480.006,-4.32758e-05,-0.001724769238791471
0.11225823887442643,0.4887299836,delithiation,143450.006,-4.32755e-05,-0.001724408611708138
0.11250578025487779,0.4871712029,delithiation,143410.006,-4.32759e-05,-0.0017239277708748046
0.11275331770275743,0.4854315817,delithiation,143370.006,-4.32744e-05,-0.00172344693768036
0.11293897405985165,0.4842004478,delithiation,143340.006,-4.32761e-05,-0.0017230863064303602
0.11318651350976783,0.4825401306,delithiation,143300.006,-4.32766e-05,-0.0017226054693470268
0.11343405203016688,0.4808464646,delithiation,143260.006,-4.32756e-05,-0.0017221246340692492
0.11361970774374963,0.4796360731,delithiation,143230.006,-4.3276e-05,-0.001721764004069249
0.11386725134074138,0.4779853821,delithiation,143190.006,-4.32765e-05,-0.0017212831589303603
0.11411478993264168,0.4763050675,delithiation,143150.006,-4.32744e-05,-0.0017208023235136937
0.11423855990785448,0.4754927158,delithiation,143130.006,-4.32745e-05,-0.0017205619044859156
0.1144242116888653,0.4742667377,delithiation,143100.006,-4.32744e-05,-0.0017202012821248046
0.1146098648999021,0.4730845094,delithiation,143070.006,-4.32759e-05,-0.001719840656985916
0.11473363373109391,0.472274363,delithiation,143050.006,-4.3275e-05,-0.0017196002401803604
0.1149192887296635,0.4711225331,delithiation,143020.006,-4.3276e-05,-0.001719239611569249
0.11510494615927735,0.4698950946,delithiation,142990.006,-4.32748e-05,-0.001718878978235916
0.11529060037133254,0.4687002599,delithiation,142960.006,-4.32751e-05,-0.0017185183511525827
0.11541437113305941,0.46790272,delithiation,142940.006,-4.32751e-05,-0.0017182779305970274
0.11560002741865238,0.4667241871,delithiation,142910.006,-4.32755e-05,-0.0017179172994859165
0.11578568320373628,0.4655456543,delithiation,142880.006,-4.32752e-05,-0.0017175566693470277
0.11597133827380712,0.4643619657,delithiation,142850.006,-4.32745e-05,-0.0017171960405970277
0.1160951068189936,0.4635925889,delithiation,142830.006,-4.32742e-05,-0.001716955624347028
0.1162807611740514,0.462423712,delithiation,142800.006,-4.32743e-05,-0.0017165949969859169
0.11640452964773662,0.4616876841,delithiation,142780.006,-4.32763e-05,-0.0017163545808748057
0.1165901857903271,0.460524708,delithiation,142750.006,-4.32753e-05,-0.0017159939500414722
0.11671395583704114,0.459762007,delithiation,142730.006,-4.32757e-05,-0.0017157535308748055
0.11689961147912242,0.4585827589,delithiation,142700.006,-4.3274e-05,-0.0017153929010136945
0.11702337780776839,0.4578348994,delithiation,142680.006,-4.32744e-05,-0.0017151524890692501
0.117209033735855,0.456720829,delithiation,142650.006,-4.32753e-05,-0.0017147918586525833
0.11733280363956633,0.4559722245,delithiation,142630.006,-4.32757e-05,-0.0017145514397636943
0.11751845685060325,0.4548241198,delithiation,142600.006,-4.32742e-05,-0.0017141908146248055
0.11770411299319383,0.4536959827,delithiation,142570.006,-4.32748e-05,-0.001713830183791472
0.11801353782397339,0.4518978298,delithiation,142520.006,-4.32759e-05,-0.0017132291364303609
0.11838485318371061,0.4497609138,delithiation,142460.006,-4.32768e-05,-0.0017125078687914718
0.11875616461087612,0.4475402534,delithiation,142400.006,-4.32754e-05,-0.0017117866087914713
0.1190655881546322,0.4456961155,delithiation,142350.006,-4.32745e-05,-0.0017111855639303601
0.11943689586372963,0.4435406923,delithiation,142290.006,-4.32745e-05,-0.0017104643111525823
0.11980820757690025,0.441383779,delithiation,142230.006,-4.32759e-05,-0.0017097430505970265
0.12017951678752525,0.4391860962,delithiation,142170.006,-4.32742e-05,-0.0017090217949025817
0.12048894011677747,0.4374108911,delithiation,142120.006,-4.32748e-05,-0.0017084207504581372
0.12086024904139692,0.4353258908,delithiation,142060.006,-4.32753e-05,-0.0017076994953192485
0.12123155868102953,0.4332334697,delithiation,142000.006,-4.32764e-05,-0.0017069782387914708
0.12160286910717655,0.4311010242,delithiation,141940.006,-4.32746e-05,-0.0017062569807359152
0.121726636722846,0.4304279983,delithiation,141920.006,-4.3275e-05,-0.0017060165662914708
0.12185040827108728,0.4297727644,delithiation,141900.006,-4.32761e-05,-0.0017057761442081376
0.12197417910431563,0.4290485978,delithiation,141880.006,-4.3275e-05,-0.0017055357235136932
0.12209795000904522,0.4283822477,delithiation,141860.006,-4.32764e-05,-0.0017052953026803598
0.12222172041326573,0.4277040362,delithiation,141840.006,-4.32765e-05,-0.0017050548828192486
0.12234549038847853,0.4269984066,delithiation,141820.006,-4.32756e-05,-0.0017048144637914705
0.12246926014918724,0.4262987375,delithiation,141800.006,-4.32752e-05,-0.0017045740451803594
0.12259303033890379,0.4256220162,delithiation,141780.006,-4.32754e-05,-0.0017043336257359148
0.12271679974210592,0.4249415994,delithiation,141760.006,-4.32753e-05,-0.0017040932078192482
0.12284057057533437,0.424272269,delithiation,141740.006,-4.32758e-05,-0.0017038527871248035
0.12296433833400644,0.4235762954,delithiation,141720.006,-4.32744e-05,-0.0017036123724025814
0.12333565004717684,0.4216298759,delithiation,141660.006,-4.3275e-05,-0.001702891111847026
0.12376884285113254,0.419398129,delithiation,141590.006,-4.32754e-05,-0.001702049649347026
0.12420203522608031,0.4170840681,delithiation,141520.006,-4.32754e-05,-0.0017012081876803594
0.12463522731502286,0.4147114754,delithiation,141450.006,-4.32748e-05,-0.0017003667265692484
0.1250684227645268,0.4124063253,delithiation,141380.006,-4.32763e-05,-0.0016995252589303595
0.1255016206450752,0.410071522,delithiation,141310.006,-4.32758e-05,-0.0016986837865692484
0.12593481938363915,0.4078130722,delithiation,141240.006,-4.32757e-05,-0.0016978423125414708
0.1263680154051534,0.4055027068,delithiation,141170.006,-4.3275e-05,-0.0016970008437914709
0.1268012114266679,0.4033080339,delithiation,141100.006,-4.32767e-05,-0.0016961593750414708
0.12723440794869156,0.4010021389,delithiation,141030.006,-4.32753e-05,-0.0016953179053192484
0.12766760111015385,0.3987414539,delithiation,140960.006,-4.32748e-05,-0.0016944764421248037
0.13206142404024768,0.3768299818,delithiation,140250.006,-4.32741e-05,-0.0016859415883748034
0.134474932372031,0.3654376864,delithiation,139860.006,-4.32748e-05,-0.0016812534293470251
0.1368884527875348,0.354454577,delithiation,139470.006,-4.32746e-05,-0.0016765652468470251
0.14134416774811387,0.3352982402,delithiation,138750.006,-4.32742e-05,-0.0016679101699025797
0.1435101377740019,0.3264668286,delithiation,138400.006,-4.32746e-05,-0.001663702845735913
0.14654251178363664,0.3146573007,delithiation,137910.006,-4.32747e-05,-0.0016578125608748017
0.15056506153976312,0.299864471,delithiation,137260.006,-4.32745e-05,-0.0016499988928192469
0.1527929374673891,0.2922382951,delithiation,136900.006,-4.32758e-05,-0.0016456713185136916
0.15514456985648173,0.2846654654,delithiation,136520.006,-4.32747e-05,-0.001641103351430357
0.1589195539217132,0.2737128139,delithiation,135910.006,-4.32747e-05,-0.0016337705714303571
0.1615187404184889,0.2671650648,delithiation,135490.006,-4.32744e-05,-0.0016287217387914682
0.16312775159778048,0.2635154128,delithiation,135230.006,-4.32744e-05,-0.0016255962885136901
0.16516996030011377,0.259337306,delithiation,134900.006,-4.32754e-05,-0.0016216293665692457
0.1669646310540588,0.2560626864,delithiation,134610.006,-4.3275e-05,-0.0016181432787914672
0.16950191765520684,0.2519705594,delithiation,134200.006,-4.32754e-05,-0.0016132146846247989
0.1714203577408525,0.2492652088,delithiation,133890.006,-4.32752e-05,-0.0016094881790692428
0.17538102662069788,0.2447164804,delithiation,133250.006,-4.32753e-05,-0.0016017947125414654
0.1793416937845118,0.2413218468,delithiation,132610.006,-4.32752e-05,-0.0015941012493470214
0.1831166974411007,0.2389033288,delithiation,132000.006,-4.32746e-05,-0.0015867684312914666
0.1875724418602175,0.236779049,delithiation,131280.006,-4.3275e-05,-0.0015781132971247993
0.19252326525066776,0.2350943238,delithiation,130480.006,-4.32755e-05,-0.0015684964886525765
0.19258514948751038,0.235043183,delithiation,130470.006,-4.32743e-05,-0.001568376280597021
0.19753597752554508,0.2338239104,delithiation,129670.006,-4.32759e-05,-0.0015587594630970209
0.198464255020939,0.2335793078,delithiation,129520.006,-4.32746e-05,-0.0015569563151803536
0.20341503994368637,0.2327165753,delithiation,128720.006,-4.32763e-05,-0.001547339581430354
0.20490027700068947,0.2324134111,delithiation,128480.006,-4.32744e-05,-0.0015444545582359095
0.20985108716339718,0.2317129672,delithiation,127680.006,-4.32756e-05,-0.001534837775458133
0.214801880666303,0.2310273647,delithiation,126880.006,-4.32753e-05,-0.0015252210250414635
0.21975267209567073,0.2303573191,delithiation,126080.006,-4.32751e-05,-0.001515604278652572
0.2247034560889022,0.2296198457,delithiation,125280.006,-4.32749e-05,-0.001505987546708126
0.22965425452539712,0.2287155837,delithiation,124480.006,-4.32745e-05,-0.0014963707867081245
0.22996367764014536,0.2286955714,delithiation,124430.006,-4.32764e-05,-0.0014957697426803468
0.23398620708990125,0.2277298123,delithiation,123780.006,-4.32766e-05,-0.0014879561140692362
0.23893699859076867,0.2259383351,delithiation,122980.006,-4.32751e-05,-0.0014783393675414588
0.23918453818368735,0.2258605063,delithiation,122940.006,-4.32764e-05,-0.0014778585301803478
0.24413534145003812,0.2230891883,delithiation,122140.00499999995,-4.32751e-05,-0.0014682417607985135
0.24481607706447128,0.2226822823,delithiation,122030.00499999995,-4.32763e-05,-0.0014669194546874022
0.24976687221190552,0.2189718485,delithiation,121230.00499999995,-4.32761e-05,-0.0014573027010762912
0.2547176761540003,0.2151702791,delithiation,120430.00499999995,-4.32758e-05,-0.0014476859303818469
0.2575643953080683,0.2131031007,delithiation,119970.00499999995,-4.32747e-05,-0.0014421562738540688
0.2625152000366773,0.2099018842,delithiation,119170.00499999995,-4.32763e-05,-0.0014325395016318468
0.26746600011770105,0.206986025,delithiation,118370.00499999995,-4.3276e-05,-0.0014229227384374035
0.26802296489890587,0.2066517621,delithiation,118280.00499999995,-4.32747e-05,-0.001421840853020737
0.2729737759911317,0.2039842159,delithiation,117480.00499999995,-4.32754e-05,-0.0014122240684374026
0.27792457492813505,0.2014159709,delithiation,116680.00499999995,-4.32747e-05,-0.0014026073074651806
0.2828753785842243,0.198867023,delithiation,115880.00499999995,-4.32742e-05,-0.0013929905373262924
0.28782617473267724,0.1963603199,delithiation,115080.00499999995,-4.32762e-05,-0.001383373781770736
0.29277696651955154,0.1937261224,delithiation,114280.00499999995,-4.32751e-05,-0.0013737570346874
0.29772776195299255,0.1911015511,delithiation,113480.00499999995,-4.32751e-05,-0.0013641402805207304
0.302678558887959,0.1885941029,delithiation,112680.00499999995,-4.3276e-05,-0.0013545235234373979
0.3039162577105684,0.1879255623,delithiation,112480.00499999995,-4.32743e-05,-0.0013521193349651753
0.3088670241859792,0.1856404692,delithiation,111680.00499999995,-4.32764e-05,-0.0013425026370485085
0.31319898247058797,0.1836622357,delithiation,110980.00499999995,-4.32745e-05,-0.0013340879532985086
0.3181497997834267,0.1816350669,delithiation,110180.00499999995,-4.32755e-05,-0.0013244711566318423
0.3208108561452824,0.180574432,delithiation,109750.00499999995,-4.32745e-05,-0.001319302143854065
0.3257616594438655,0.178785935,delithiation,108950.00499999995,-4.32761e-05,-0.0013096853744096204
0.3307124601684016,0.1771523505,delithiation,108150.00499999995,-4.32761e-05,-0.001300068609965176
0.33566326160795,0.1755928844,delithiation,107350.00499999995,-4.32759e-05,-0.001290451844131844
0.33640587681164114,0.1753275394,delithiation,107230.00499999995,-4.32746e-05,-0.0012890093389929546
0.3413566912644279,0.1738770455,delithiation,106430.00499999995,-4.32746e-05,-0.0012793925478818435
0.346307491345452,0.1724969298,delithiation,105630.00499999995,-4.32761e-05,-0.0012697757846873994
0.3512582841333435,0.1711702049,delithiation,104830.00499999995,-4.32766e-05,-0.0012601590356596212
0.3562090742756864,0.169807151,delithiation,104030.00499999995,-4.3275e-05,-0.0012505422917707322
0.3562709581550224,0.1697834432,delithiation,104020.00499999995,-4.32743e-05,-0.0012504220844096212
0.3612217508714124,0.168506369,delithiation,103220.00499999995,-4.32749e-05,-0.001240805335520732
0.36617256282165356,0.1672389358,delithiation,102420.00499999995,-4.32746e-05,-0.0012311885492707318
0.3711233755584086,0.1660248637,delithiation,101620.00499999995,-4.3275e-05,-0.0012215717614929547
0.3760741988773575,0.1648463756,delithiation,100820.00499999995,-4.32758e-05,-0.0012119549531596208
0.3810250113996083,0.1636960506,delithiation,100020.00499999995,-4.32757e-05,-0.0012023381657985108
0.3821389468966264,0.1634114236,delithiation,99840.00499999995,-4.32748e-05,-0.0012001743834373997
0.3870897464771411,0.162353009,delithiation,99040.00499999995,-4.32754e-05,-0.0011905576212151783
0.39204054734467964,0.1612745821,delithiation,98240.00499999995,-4.32742e-05,-0.0011809408564929565
0.3969913425636157,0.1603214145,delithiation,97440.00499999995,-4.32751e-05,-0.0011713241027429555
0.401508942547552,0.1594594121,delithiation,96710.00499999995,-4.32744e-05,-0.0011625488162151762
0.4064597453456257,0.1585981399,delithiation,95910.00499999995,-4.32751e-05,-0.0011529320477429545
0.4114105330569243,0.1577895135,delithiation,95110.00499999995,-4.32755e-05,-0.0011433153085762876
0.41636133285194465,0.1570142359,delithiation,94310.00499999995,-4.32752e-05,-0.0011336985459373962
0.41914615747298267,0.1565784067,delithiation,93860.00499999995,-4.32755e-05,-0.0011282891174651726
0.42409696670617436,0.1558735371,delithiation,93060.00499999995,-4.32754e-05,-0.0011186723364929496
0.4290477545604763,0.1551820189,delithiation,92260.00499999995,-4.32746e-05,-0.0011090555970485038
0.43399855857407243,0.1545757204,delithiation,91460.00499999995,-4.32752e-05,-0.0010994388262151704
0.43678337590197636,0.1542029083,delithiation,91010.00499999995,-4.32743e-05,-0.001094029411909615
0.44173417541099025,0.1536410749,delithiation,90210.00499999995,-4.32752e-05,-0.0010844126498262816
0.4466849761355264,0.1530844569,delithiation,89410.00499999995,-4.32752e-05,-0.0010747958853818372
0.45163575977125037,0.15258044,delithiation,88610.00499999995,-4.32759e-05,-0.0010651791541318374
0.4565865469820395,0.1520623565,delithiation,87810.00499999995,-4.32746e-05,-0.0010555624159373934
0.4615373188915495,0.1516205966,delithiation,87010.00499999995,-4.32755e-05,-0.001045945707465171
0.4664881077468688,0.1511781067,delithiation,86210.00499999995,-4.32753e-05,-0.0010363289660762823
0.47106758567553175,0.1507882327,delithiation,85470.00499999995,-4.3274e-05,-0.0010274334837151718
0.4760183703837756,0.1504406184,delithiation,84670.00499999995,-4.32756e-05,-0.0010178167503818382
0.48096913299811583,0.1500855982,delithiation,83870.00499999995,-4.32753e-05,-0.0010082000599651716
0.4859199122722604,0.149773553,delithiation,83070.00499999995,-4.32757e-05,-0.0009985833371873936
0.4908707093502299,0.1494844854,delithiation,82270.00499999995,-4.32762e-05,-0.0009889665798262825
0.49582148712284635,0.1491598487,delithiation,81470.00499999995,-4.32743e-05,-0.0009793498599651724
0.5007722506667034,0.1489293426,delithiation,80670.00499999995,-4.32751e-05,-0.0009697331677429507
0.5057230392360172,0.1487232894,delithiation,79870.00499999995,-4.32759e-05,-0.0009601164269096178
0.5062181185648573,0.1486543566,delithiation,79790.00499999995,-4.32743e-05,-0.0009591547519096177
0.5111689085641977,0.1484764665,delithiation,78990.00499999995,-4.32755e-05,-0.0009495380082985066
0.5161196956319845,0.1482556015,delithiation,78190.00499999995,-4.32744e-05,-0.0009399212703818398
0.5210704634659197,0.1480851322,delithiation,77390.00499999995,-4.32754e-05,-0.000930304569826285
0.526021224221226,0.147879824,delithiation,76590.00499999995,-4.32743e-05,-0.0009206878830207296
0.530972013219548,0.1477508545,delithiation,75790.00499999995,-4.32755e-05,-0.0009110711413540628
0.5359228067939532,0.1475788951,delithiation,74990.00499999995,-4.32751e-05,-0.000901454390798508
0.5408735955062698,0.1474239826,delithiation,74190.00499999995,-4.32751e-05,-0.0008918376496873971
0.5458243731358844,0.1472668499,delithiation,73390.00499999995,-4.32752e-05,-0.0008822209301040635
0.5507751542690629,0.1471119523,delithiation,72590.00499999995,-4.32752e-05,-0.0008726042037151744
0.5557259281806093,0.1469274014,delithiation,71790.00499999995,-4.32749e-05,-0.0008629874913540636
0.5606767132141837,0.1467739791,delithiation,70990.00399999996,-4.32755e-05,-0.0008533707573887862
0.5656274676773748,0.1465627253,delithiation,70190.00399999996,-4.32754e-05,-0.0008437540828054535
0.5705782287186861,0.1463618577,delithiation,69390.00399999996,-4.32749e-05,-0.000834137395444343
0.5755290150714598,0.1461610049,delithiation,68590.00399999996,-4.3276e-05,-0.0008245206589165652
0.5804797803313484,0.145878613,delithiation,67790.00399999996,-4.3275e-05,-0.0008149039633610097
0.5854305475932737,0.1456132531,delithiation,66990.00399999996,-4.32756e-05,-0.0008052872639165649
0.5856162027348458,0.1456325501,delithiation,66960.00399999996,-4.3276e-05,-0.0008049266350276761
0.590566987664543,0.1453353167,delithiation,66160.00199999998,-4.32764e-05,-0.0007953099012641768
0.5955177800234264,0.1449869573,delithiation,65360.00199999998,-4.32759e-05,-0.0007856931530697323
0.600468551932936,0.1445830166,delithiation,64560.00199999998,-4.32744e-05,-0.0007760764445975107
0.6031295855573768,0.1444147527,delithiation,64130.00199999998,-4.32762e-05,-0.0007709074759863996
0.6080803627579835,0.1439359635,delithiation,63330.00199999998,-4.32743e-05,-0.0007612907572363994
0.6130311534008357,0.1434630752,delithiation,62530.00199999998,-4.32746e-05,-0.000751674012375288
0.6179819506218078,0.142939806,delithiation,61730.00199999998,-4.32745e-05,-0.0007420572547363991
0.6216950421560452,0.1425432712,delithiation,61130.00199999998,-4.32763e-05,-0.0007348446989030661
0.6266458581103593,0.1418695301,delithiation,60330.00199999998,-4.32746e-05,-0.0007252279048752885
0.631596657547872,0.1411846578,delithiation,59530.00199999998,-4.32754e-05,-0.0007156111429308439
0.6361761437706864,0.140487209,delithiation,58790.00199999998,-4.32763e-05,-0.000706715644458622
0.6411269471407709,0.139584437,delithiation,57990.00199999998,-4.3275e-05,-0.0006970988748752885
0.6460777400716644,0.1386431307,delithiation,57190.00199999998,-4.32747e-05,-0.0006874821255697336
0.6510285446572706,0.1376180649,delithiation,56390.00199999998,-4.32755e-05,-0.0006778653536252898
0.6520187022424311,0.1374327689,delithiation,56230.00199999998,-4.32762e-05,-0.0006759420057086232
0.6569694756534681,0.1362802237,delithiation,55430.00199999998,-4.32752e-05,-0.0006663252943197351
0.6619202666538266,0.1350869238,delithiation,54630.00199999998,-4.32752e-05,-0.0006567085487641796
0.6668710695234017,0.1338580251,delithiation,53830.00199999998,-4.32762e-05,-0.0006470917801530688
0.6718218827606661,0.132556513,delithiation,53030.00199999998,-4.32747e-05,-0.0006374749914030689
0.6767726912788444,0.1312772185,delithiation,52230.00199999998,-4.32758e-05,-0.0006278582118197357
0.6817235052311217,0.1299823523,delithiation,51430.00199999998,-4.32759e-05,-0.0006182414216808475
0.6866743163948485,0.1287126988,delithiation,50630.00199999998,-4.32751e-05,-0.0006086246369586249
0.691625097099019,0.1275134534,delithiation,49830.00200000001,-4.32759e-05,-0.0005990079114030695
0.6945955829392395,0.1267455965,delithiation,49350.00200000001,-4.32745e-05,-0.0005932378422364025
0.6995464050426661,0.1255974919,delithiation,48550.00200000001,-4.32748e-05,-0.0005836210362641801
0.7044972184229333,0.124545753,delithiation,47750.00200000001,-4.32765e-05,-0.000574004247236402
0.7094480025591667,0.1234903038,delithiation,46950.00200000001,-4.32753e-05,-0.0005643875150141796
0.7143988231610656,0.1225386113,delithiation,46150.00200000001,-4.32753e-05,-0.000554770711958624
0.715698414085661,0.1222755015,delithiation,45940.00200000001,-4.32746e-05,-0.0005522463001530685
0.7206492342585522,0.1214409173,delithiation,45140.00200000001,-4.32762e-05,-0.0005426294979308464
0.7256000617245764,0.1205944866,delithiation,44340.00200000001,-4.3275e-05,-0.0005330126815419578
0.7278898153824263,0.120217219,delithiation,43970.00200000001,-4.32746e-05,-0.0005285649118197355
0.7328406326237638,0.1195079088,delithiation,43170.00200000001,-4.32751e-05,-0.0005189481152919579
0.7377914590887698,0.1188267469,delithiation,42370.00200000001,-4.32751e-05,-0.0005093313008475137
0.7416283437646427,0.1183272004,delithiation,41750.00200000001,-4.32748e-05,-0.0005018782809864029
0.7465791551428733,0.1177631468,delithiation,40950.00200000001,-4.32759e-05,-0.0004922614958475139
0.7515299813218741,0.1172317266,delithiation,40150.00200000001,-4.32761e-05,-0.0004826446819586251
0.756480815938029,0.1167343855,delithiation,39350.00200000001,-4.32759e-05,-0.0004730278516808472
0.7614316521987139,0.1162763238,delithiation,38550.00200000001,-4.32762e-05,-0.000463411018208625
0.7663824866003649,0.1158175319,delithiation,37750.00200000001,-4.32751e-05,-0.00045379418834751373
0.7713333221460368,0.1154447198,delithiation,36950.00200000001,-4.32768e-05,-0.0004441773562641804
0.7747370113724059,0.1151378602,delithiation,36400.00200000001,-4.32746e-05,-0.0004375658040419582
0.7796878382664196,0.1148132235,delithiation,35600.00200000001,-4.32752e-05,-0.00042794898876418076
0.7846386717385535,0.1145093441,delithiation,34800.00200000001,-4.32758e-05,-0.0004183321607086253
0.7895895062117058,0.1142069399,delithiation,34000.00200000001,-4.32764e-05,-0.00040871533070862523
0.7945403481924951,0.1139312238,delithiation,33200.00200000001,-4.32763e-05,-0.000399098486125292
0.7994911749435063,0.113694042,delithiation,32400.002000000008,-4.32765e-05,-0.000389481671125292
0.8025854257538478,0.1134916991,delithiation,31900.002000000008,-4.32746e-05,-0.00038347119265306985
0.8075362831789192,0.1133167744,delithiation,31100.002000000008,-4.32767e-05,-0.0003738543180697363
0.8124871207266278,0.1130966395,delithiation,30300.002000000008,-4.3276e-05,-0.0003642374820975139
0.8174379549852762,0.112897262,delithiation,29500.002000000008,-4.32749e-05,-0.00035462065251418043
0.822388793820008,0.1127645969,delithiation,28700.002000000008,-4.32768e-05,-0.00034500381404195833
0.8273396379458365,0.1125992984,delithiation,27900.002000000008,-4.32765e-05,-0.00033538696529195815
0.8319191595617974,0.1124273539,delithiation,27160.002000000008,-4.32747e-05,-0.00032649139806973596
0.8368699868133179,0.1123391539,delithiation,26360.002000000008,-4.32762e-05,-0.00031687458209751345
0.8418208154948644,0.1122272313,delithiation,25560.002000000008,-4.32763e-05,-0.0003072577633475133
0.8467716557596224,0.1120856702,delithiation,24760.002000000008,-4.32752e-05,-0.0002976409220975134
0.8517225051765476,0.1120011657,delithiation,23960.002000000008,-4.32749e-05,-0.0002880240630697355
0.8566733342871018,0.1119255722,delithiation,23160.002000000008,-4.32752e-05,-0.0002784072434864023
0.861129070698072,0.1118492335,delithiation,22440.002000000008,-4.32742e-05,-0.00026975212487529126
0.866079875855689,0.1118232906,delithiation,21640.002000000008,-4.32754e-05,-0.0002601353518197356
0.8710306837303556,0.1117810458,delithiation,20840.002000000008,-4.32756e-05,-0.0002505185734864023
0.8759815116253877,0.1117602885,delithiation,20040.002000000008,-4.32766e-05,-0.00024090175626418018
0.8809323207870778,0.1117676944,delithiation,19240.002000000008,-4.32766e-05,-0.00023128497543084688
0.8858831342388463,0.1117106229,delithiation,18440.002000000008,-4.3275e-05,-0.00022166818626418008
0.8908339523381997,0.1117106229,delithiation,17640.002000000008,-4.32753e-05,-0.00021205138806973555
0.8952896913625283,0.1116913557,delithiation,16920.00099999999,-4.32751e-05,-0.00020339626438226318
0.9002405168980174,0.1117484272,delithiation,16120.00099999999,-4.3276e-05,-0.0001937794517433743
0.9051913278472402,0.1117684394,delithiation,15320.00099999999,-4.32757e-05,-0.00018416266743781877
0.9101421483061365,0.1117617637,delithiation,14520.00099999999,-4.32753e-05,-0.00017454586466004104
0.915092977202187,0.1117862314,delithiation,13720.00099999999,-4.32749e-05,-0.00016492904549337425
0.9200438337692426,0.1118692458,delithiation,12920.00099999999,-4.32768e-05,-0.00015531217257670765
0.9249946753210241,0.1119366884,delithiation,12120.00099999999,-4.32761e-05,-0.00014569532882670775
0.929759851578048,0.1119648516,delithiation,11350.00099999999,-4.3275e-05,-0.00013643913368781887
0.934710684835678,0.1120723188,delithiation,10550.00099999999,-4.32751e-05,-0.00012682230604892997
0.939661511515188,0.1121760905,delithiation,9750.00099999999,-4.32748e-05,-0.00011720549118781892
0.9446123634346586,0.1123473048,delithiation,8950.00099999999,-4.32752e-05,-0.00010758862729893011
0.949563195834273,0.1125118434,delithiation,8150.000999999989,-4.32765e-05,-9.797180132670795e-05
0.954452155508755,0.112604484,delithiation,7360.000999999989,-4.32751e-05,-8.847516104893024e-05
0.9594030166198828,0.1128505766,delithiation,6560.0,-4.32763e-05,-7.885827930555543e-05
0.9643538753319776,0.1131388992,delithiation,5760.0,-4.32766e-05,-6.924140222222212e-05
0.969304737690639,0.1134887338,delithiation,4960.0,-4.3277e-05,-5.962451805555548e-05
0.9693666235005103,0.1134435236,delithiation,4950.0,-4.3275e-05,-5.950430694444437e-05
0.9743174809970829,0.113897115,delithiation,4150.0,-4.32754e-05,-4.988743222222216e-05
0.9792683365631202,0.1144174337,delithiation,3350.0,-4.32757e-05,-4.0270561250000006e-05
0.984219171179275,0.1150355786,delithiation,2550.0,-4.32763e-05,-3.065373097222226e-05
0.9874372301465263,0.1153594851,delithiation,2030.0,-4.32769e-05,-2.440275930555557e-05
0.9914597930588933,0.1152816713,delithiation,1380.0,-4.32769e-05,-1.658906569444443e-05
0.9939971016109413,0.1146568358,delithiation,970.0,-4.32762e-05,-1.1660428888888878e-05
0.9962249861902254,0.1135895252,delithiation,610.0,-4.3276e-05,-7.332837777777778e-06
0.9980815561962867,0.1121345758,delithiation,310.0,-4.3276e-05,-3.7265127777777777e-06
0.9991336140345821,0.1106618494,delithiation,140.0,-4.32761e-05,-1.6829256944444446e-06
0.9995668135596605,0.1093002856,delithiation,70.0,-4.32763e-05,-8.41450138888889e-07
0.9996286992265292,0.1089615673,delithiation,60.0,-4.32755e-05,-7.212393055555556e-07
0.9996905847503953,0.1085850447,delithiation,50.0,-4.32761e-05,-6.0102875e-07
0.9997524702742614,0.1081054956,delithiation,40.0,-4.32755e-05,-4.808181944444444e-07
0.9998143553691197,0.1075043827,delithiation,30.0,-4.32755e-05,-3.6060847222222223e-07
0.9998762407499832,0.1067409664,delithiation,20.0,-4.32759e-05,-2.403981944444444e-07
0.9999381267028571,0.1056640223,delithiation,10.0,-4.32763e-05,-1.2018680555555554e-07
1.0,0.0966956839,delithiation,0.0,-4.32582e-05,0.0
