branch,SOC,n_pulses,n_valid,valid_fraction,Ds_median_m2_s,Ds_p05_m2_s,Ds_p95_m2_s,Ds_decades_spanned,WH_fit_R2_median,OCP_slope_median_V_per_soc,Fo_pulse_median
delithiation,0.04,5,0,0.0,,,,,,,
delithiation,0.06,8,0,0.0,,,,,,,
delithiation,0.08,10,0,0.0,,,,,,,
delithiation,0.1,10,0,0.0,,,,,,,
delithiation,0.12,10,0,0.0,,,,,,,
delithiation,0.14,10,1,0.1,2.1007285392080817e-13,2.1007285392080817e-13,2.1007285392080817e-13,,0.9728135164311122,-3.657837914232663,2.0146354925695156
delithiation,0.16,10,9,0.9,2.2601042064744345e-13,2.70248359128671e-14,3.720990672040959e-12,2.138895515591997,0.966610204350223,-2.7652359601180976,2.167479551159286
delithiation,0.18,10,8,0.8,1.0615018286955141e-14,4.469197156606636e-15,1.6592057940918187e-14,0.5696707418547869,0.9920507840995423,-0.9674361705865733,0.10179988606829486
delithiation,0.2,10,10,1.0,6.132676650788538e-16,2.66450187739914e-16,1.781796101181841e-15,0.8252419737240075,0.9963078355903328,-0.23146048843677638,0.005881344407207349
delithiation,0.22,10,10,1.0,4.062755156281915e-16,2.60381587233739e-16,1.22085192499953e-15,0.6710527222749147,0.9947874981133855,-0.1559002675204481,0.003896253410520133
delithiation,0.24,10,10,1.0,5.1884490262792716e-15,1.8392322830754165e-15,1.0342133370287265e-14,0.7499735527851064,0.9938241583593409,-0.46742670851097257,0.04975813564027566
delithiation,0.26,10,10,1.0,1.0740459115194906e-14,9.158631483161097e-15,1.281402686505687e-14,0.14585504555425682,0.9951886952725054,-0.6684445297413296,0.10300288559951692
delithiation,0.28,10,10,1.0,1.0484580459721362e-14,6.43679409826585e-15,1.2299417864443642e-14,0.2812149395892025,0.9861763184297496,-0.526294392895884,0.10054896444077502
delithiation,0.3,10,10,1.0,6.659554348461155e-15,4.210259741668057e-15,1.411215760953285e-14,0.5252845287710751,0.9845962799504104,-0.5082949002404202,0.0638662935486333
delithiation,0.32,10,10,1.0,3.2803307701840484e-15,2.4698814047904e-15,5.2242770849700614e-15,0.32535010253573826,0.9986217393605494,-0.4000266278662473,0.03145894709210187
delithiation,0.34,11,11,1.0,2.116433452335579e-15,1.4753159931467932e-15,2.4455530563724913e-15,0.21949203889214772,0.9989588642561325,-0.2900658431097027,0.02029696779548701
delithiation,0.36,10,10,1.0,2.10354000251889e-15,1.271924457113499e-15,2.3433419148957895e-15,0.2653743425300695,0.9973056206495711,-0.2576418468338056,0.02017331735166973
delithiation,0.38,10,10,1.0,2.3716410611618515e-15,1.3599944890985426e-15,2.6433286692361856e-15,0.28861401774778656,0.9879313291150034,-0.22891130457545905,0.02274445349923368
delithiation,0.4,10,10,1.0,2.5292279173847544e-15,1.2905605986082643e-15,2.9524603527315956e-15,0.35940567260960554,0.9623803229142258,-0.18441322430801174,0.024255739073660514
delithiation,0.42,10,8,0.8,2.566498262710044e-15,1.1781417178342797e-15,3.110745094246606e-15,0.4216668903296837,0.9301140251530102,-0.1512462990009361,0.0246131682184132
delithiation,0.44,10,2,0.2,1.1958859012438165e-15,1.1830806295016312e-15,1.208691172986002e-15,0.009301006743679858,0.9178285554604442,-0.11679875253912039,0.011468755418620188
delithiation,0.46,10,0,0.0,,,,,,,
delithiation,0.48,10,0,0.0,,,,,,,
delithiation,0.5,10,0,0.0,,,,,,,
delithiation,0.52,10,0,0.0,,,,,,,
delithiation,0.54,9,3,0.3333333333333333,7.32217320854287e-17,2.532542329629318e-17,1.0064960430698883e-16,0.5992553588324642,0.9124671229352528,-0.0327522616334005,0.0007022092456665923
delithiation,0.56,10,8,0.8,4.445118591936652e-18,3.3677574482158613e-18,2.3366760275329677e-17,0.8412576977551549,0.9905242468773592,-0.0365083872459802,4.262946647725571e-05
delithiation,0.58,9,9,1.0,5.244087142546646e-18,3.658949689024356e-18,1.6658837915539574e-17,0.658288264755752,0.9964087142837312,-0.0494265657005108,5.029171492802502e-05
delithiation,0.6,11,11,1.0,1.2226464503793353e-17,8.404586131195836e-18,2.1378410826903308e-17,0.40545908636349043,0.9978358646829246,-0.0770486199167239,0.0001172539377566079
delithiation,0.62,10,10,1.0,4.462842359301509e-17,2.832241694284415e-17,7.098964248104472e-17,0.39906467710399446,0.9989397750517977,-0.1168210819339202,0.0004279944051306055
delithiation,0.64,10,10,1.0,1.684337668531047e-16,1.0173105706098594e-16,2.8427537867732515e-16,0.44628568955722603,0.9975585340952152,-0.177959638232107,0.0016153093487148332
delithiation,0.66,10,10,1.0,4.473952436087204e-16,2.794176163422513e-16,7.257133399055961e-16,0.4145113228123307,0.9912340501867224,-0.2375547685396738,0.004290598809691046
delithiation,0.68,10,10,1.0,7.434039552168228e-16,5.133279960585904e-16,1.2160787833880435e-15,0.3745667609092811,0.9832224970603229,-0.25571530624908656,0.007129374241096151
delithiation,0.7000000000000001,10,10,1.0,8.695963019020546e-16,5.685496357196519e-16,1.369054371878058e-15,0.3816523108369292,0.9708146416666144,-0.22478333335728015,0.008339580965944105
delithiation,0.72,10,10,1.0,8.323204771327529e-16,5.104332623728266e-16,1.2460163053994679e-15,0.3875847581223642,0.9556237410044043,-0.17671598054786436,0.007982099272362857
delithiation,0.74,10,10,1.0,6.149644153595639e-16,3.937329242950048e-16,1.0246282808634303e-15,0.41536460631239625,0.9367995163120657,-0.1285471569017648,0.005897616539821956
delithiation,0.76,10,10,1.0,4.758978421351172e-16,3.179575404087708e-16,7.658986751333964e-16,0.38180218947560035,0.9192523029784154,-0.09524993784303551,0.004563943725752428
delithiation,0.78,10,8,0.8,3.656112900043894e-16,2.7989050906922376e-16,5.534547385064284e-16,0.2960939380590038,0.9113169352861938,-0.0762028900395746,0.0035062763587951646
delithiation,0.8,10,6,0.6,2.88687275450321e-16,2.401519906448567e-16,3.799287756577724e-16,0.19921599719359165,0.9046699956498077,-0.05062497002443535,0.002768561575284767
delithiation,0.8200000000000001,10,1,0.1,1.8218279903662334e-16,1.8218279903662334e-16,1.8218279903662334e-16,,0.902874964778552,-0.0385988182905443,0.0017471649774096797
delithiation,0.84,10,2,0.2,8.855665066362688e-17,7.334745557736627e-17,1.037658457498875e-16,0.15066937739885164,0.9009696368360303,-0.02406326925585215,0.0008492738028747122
delithiation,0.86,11,4,0.36363636363636365,2.0329006509616123e-17,1.810043027746429e-17,4.369232590728866e-17,0.3827162655608991,0.9075781584623421,-0.009796811795624,0.00019495873587931122
delithiation,0.88,10,6,0.6,4.728244351645023e-18,3.2401620799048154e-18,6.7692014064186605e-18,0.31997070090733376,0.9098460040343882,-0.0044571536688199,4.534469214170241e-05
delithiation,0.9,10,0,0.0,,,,,,,
delithiation,0.92,10,0,0.0,,,,,,,
delithiation,0.9400000000000001,10,0,0.0,,,,,,,
delithiation,0.96,10,0,0.0,,,,,,,
delithiation,0.98,10,5,0.5,7.630653210921435e-16,5.451307560933547e-16,8.679687915071901e-16,0.2020034245943259,0.9995707982722396,-0.2969971276691193,0.007317930186261508
delithiation,1.0,5,5,1.0,1.0929168583375383e-15,7.137830455792125e-16,1.558043652860093e-15,0.3390133934697258,0.9840961052688904,-0.6692780322465212,0.010481264247804264
lithiation,0.0,5,0,0.0,,,,,,,
lithiation,0.02,10,0,0.0,,,,,,,
lithiation,0.04,10,0,0.0,,,,,,,
lithiation,0.06,10,5,0.5,1.4460915263858505e-13,2.7363538887854533e-14,1.948706443388462e-13,0.8525741577774905,0.9239228373879598,-3.1411520952500696,1.38682712220398
lithiation,0.08,10,5,0.5,2.7694091096163617e-13,1.0362055409669634e-15,7.356181827678336e-13,2.8512065451591333,0.9207044411360484,-2.000786023848026,2.6559118808292914
lithiation,0.1,10,8,0.8,2.384787707055121e-14,7.162061248096066e-15,9.002401270136366e-14,1.0993203364704536,0.9414976250998361,-1.181610998751414,0.22870532137807453
lithiation,0.12,10,9,0.9,1.984050655484788e-15,8.348542449604469e-16,6.054869010656581e-15,0.8604940924220025,0.9869830508653988,-0.5861307157544929,0.019027393568439428
lithiation,0.14,11,11,1.0,8.443635449356272e-16,8.918182228268822e-17,1.0506894393159803e-15,1.0711980249091173,0.9969276948815282,-0.3373584642022653,0.008097594403606061
lithiation,0.16,10,10,1.0,8.289233960449477e-16,9.169175504259563e-17,9.309142543030098e-16,1.0065793948379047,0.9963448115454582,-0.2878540994378239,0.007949520669256627
lithiation,0.18,10,10,1.0,1.2744518294467435e-15,1.4390545278985396e-16,2.119018383811338e-15,1.1680574741968595,0.9917985540782851,-0.30478617450539536,0.01222221644183246
lithiation,0.2,10,9,0.9,1.2916792688618706e-15,5.882527109725665e-16,1.6366130312001472e-15,0.4443820675296572,0.9956121920740048,-0.3117936953650126,0.012387430605601601
lithiation,0.22,10,8,0.8,1.782754532745868e-15,7.531703510423149e-16,6.576405933149592e-15,0.9410953970387413,0.9514748380686241,-0.2916315950648429,0.017096928466363966
lithiation,0.24,10,8,0.8,4.006621386032857e-15,1.2615817856504463e-15,7.55411086252915e-15,0.777267944002844,0.914156901129437,-0.24859394336657697,0.03842420140888281
lithiation,0.26,10,7,0.7,2.4310338645401786e-15,2.1274304828535736e-15,2.4627073392638538e-15,0.06355742692361446,0.9294880952432468,-0.2056260929344054,0.023314040894539496
lithiation,0.28,10,0,0.0,,,,,,,
lithiation,0.3,10,0,0.0,,,,,,,
lithiation,0.32,10,0,0.0,,,,,,,
lithiation,0.34,10,0,0.0,,,,,,,
lithiation,0.36,10,0,0.0,,,,,,,
lithiation,0.38,10,0,0.0,,,,,,,
lithiation,0.4,11,0,0.0,,,,,,,
lithiation,0.42,9,0,0.0,,,,,,,
lithiation,0.44,10,2,0.2,2.6123440951850288e-17,2.4670382419604733e-17,2.757649948409584e-17,0.048363255093510325,0.9145987967892166,-0.06260780341504195,0.0002505283778811391
lithiation,0.46,9,5,0.5555555555555556,8.896466991216483e-17,3.1965332766625785e-17,1.0556694798827147e-16,0.5188487360886793,0.9158775458336798,-0.0779570232811025,0.0008531867789890532
lithiation,0.48,10,10,1.0,8.763368908978069e-17,3.7161526453306384e-17,1.0147343001524562e-16,0.4362587958456354,0.9349772474384794,-0.0846125409324773,0.0008404224395961493
lithiation,0.5,10,10,1.0,7.209852060130488e-17,4.04862336495186e-17,8.294117556015906e-17,0.3114628093787643,0.9654023304574297,-0.09964968470287144,0.0006914374506470898
lithiation,0.52,10,10,1.0,4.397598558431795e-17,3.2432297845925155e-17,6.023857126091796e-17,0.2688969429505115,0.9870173142658165,-0.10662410424903895,0.0004217374102619749
lithiation,0.54,10,10,1.0,2.902752341945691e-17,2.7504486915565052e-17,5.860912073887924e-17,0.32856165830851203,0.9957383088607724,-0.10793646560741375,0.00027837903779935104
lithiation,0.56,10,4,0.4,6.304796120996003e-17,3.107063470722774e-17,7.94609712633951e-17,0.407803744136939,0.9799607889589959,-0.10706003466400354,0.0006046409996202233
lithiation,0.58,10,0,0.0,,,,,,,
lithiation,0.6,10,0,0.0,,,,,,,
lithiation,0.62,10,4,0.4,2.5322093875720894e-16,1.4828984174287955e-16,4.167727865781641e-16,0.4487879520109324,0.9041245202964564,-0.040821408051448654,0.002428433189537611
lithiation,0.64,10,8,0.8,5.2574968004035147e-17,2.0680592517500733e-17,9.890864778363374e-17,0.6796712869783093,0.9164611129945481,-0.019537429319666802,0.0005042031589743758
lithiation,0.66,11,10,0.9090909090909091,5.222924098175511e-18,2.1156170174382167e-18,1.3707143986975783e-17,0.811509923148936,0.9369004739893827,-0.00802449613792915,5.008875762286371e-05
lithiation,0.68,10,10,1.0,3.421074958072401e-18,1.202596867489911e-18,4.917056017754356e-18,0.6115850877695098,0.9504534662808699,-0.0062666682479194,3.280870852486099e-05
lithiation,0.7000000000000001,10,10,1.0,4.906988308605249e-18,2.2159847725615703e-18,8.251263812796191e-18,0.5709537010252151,0.9628464117530597,-0.0081788444584085,4.705887802079616e-05
lithiation,0.72,10,10,1.0,1.0262839954059181e-17,4.573575947698923e-18,1.5660326704562396e-17,0.5345449227650311,0.9741441530058341,-0.01280661731537485,9.842243412280682e-05
lithiation,0.74,10,10,1.0,1.8250102300028223e-17,8.34611549846376e-18,2.5918407519615197e-17,0.492123923629881,0.9832516555090018,-0.01792275336719905,0.00017502168010023424
lithiation,0.76,10,10,1.0,2.77756926991026e-17,1.2965199479244762e-17,3.685880456114364e-17,0.4537620425703104,0.9895827861536399,-0.023586051062201248,0.00026637376175898085
lithiation,0.78,10,10,1.0,3.587804923644962e-17,1.6750108405229808e-17,5.286313931686327e-17,0.4991353283648039,0.9936045588021329,-0.0285992229712339,0.0003440767812064185
lithiation,0.8,10,10,1.0,6.243414616515932e-17,2.771843779531906e-17,9.089655051089162e-17,0.5157786523323312,0.9961294895869692,-0.03958792557802595,0.0005987544057455986
lithiation,0.8200000000000001,10,10,1.0,9.018768086155304e-17,3.7973442239685836e-17,1.2790288115325448e-16,0.5274003604357707,0.998223477599515,-0.048903932823721005,0.0008649156683745462
lithiation,0.84,10,10,1.0,1.363145233517887e-16,5.83060372766023e-17,1.8037280946888177e-16,0.4904575439144384,0.9989855539783131,-0.06418441317822875,0.001307280173385975
lithiation,0.86,10,10,1.0,2.0824804580199518e-16,9.694107203907249e-17,2.880100421515106e-16,0.47289981259629804,0.998427782173274,-0.0864575623790372,0.001997135262841752
lithiation,0.88,10,10,1.0,3.091668421211682e-16,1.5218994204279099e-16,4.1957141148909716e-16,0.44041993717837863,0.9972935044258301,-0.114013475639188,0.002964964209501831
lithiation,0.9,10,10,1.0,4.192875674631322e-16,2.2184631705954187e-16,5.557056339707317e-16,0.39879257660938994,0.995173850304476,-0.1483501810001671,0.004021041268487805
lithiation,0.92,11,11,1.0,4.842473076210391e-16,2.773451643735102e-16,5.766880453022255e-16,0.3179203504350276,0.992127672973953,-0.1869691280540837,0.004644016563332807
lithiation,0.9400000000000001,10,10,1.0,5.057693943348941e-16,3.0772653110105656e-16,5.860938903780975e-16,0.2798022529797054,0.9847954289847163,-0.2597054069502857,0.00485041714750341
lithiation,0.96,9,9,1.0,3.6745836666454765e-16,2.300681781409117e-16,6.088902287423063e-16,0.42268245128347537,0.9789720487910196,-0.327579746117957,0.00352399014773747
lithiation,0.98,10,10,1.0,2.9799151189044576e-16,2.0918084019117088e-16,5.177782279137449e-16,0.3936218817666561,0.9808583597447549,-0.4344551515205636,0.0028577908336751634
lithiation,1.0,6,6,1.0,2.36882393252758e-16,2.1380704641555632e-16,3.274016449054651e-16,0.1850588429248228,0.9903339445265917,-0.5239752908882165,0.0018793628723307344
